case_id,category,repetition,request_ko,english_input_pivot,english_qwen_pivot,english_final_ko,chinese_input_pivot,chinese_qwen_pivot,chinese_final_ko,english_total_seconds,chinese_total_seconds,english_final_chars,chinese_final_chars,final_length_delta,english_quality_score,chinese_quality_score,preferred_pivot,evaluator_notes
factual_explanation,사실 설명,1,광합성이 무엇인지 중학생도 이해할 수 있도록 세 문장으로 설명해줘.,"Explain what photosynthesis is in three sentences, so that even middle school students can understand it.","Photosynthesis is the process by which green plants use sunlight to turn water and carbon dioxide into their own food, which is called glucose. Think of it like a kitchen where the plant cooks up energy using light as the heat, water and air as ingredients, and chlorophyll as the stove. As a bonus byproduct of this cooking process, plants release oxygen into the air, which is exactly what we need to breathe.","광합성이란 녹색 식물이 햇빛을 이용해 물과 이산화탄소를 포도당이라고 불리는 자신만의 음식으로 만드는 과정입니다. 이를 마치 부엌에 빗대어 생각해볼 수 있는데, 식물은 빛을 열로, 물과 공기를 재료로, 엽록소를 가열기로 사용해 에너지를 만들어냅니다. 이러한 과정의 부산물로서 식물은 공기 중에 산소를 방출하는데, 바로 이것이 우리가 호흡하는 데 꼭 필요한 것입니다.",用三句话来解释什么是光合作用，要让初中生也能理解。,植物就像小厨师，利用阳光作为能量，把空气中的二氧化碳和土壤里的水“烹饪”成自己需要的养分。在这个神奇的过程中，植物还会释放出我们呼吸所需的氧气，送给周围的生物。简单来说，光合作用就是植物把光能转化为化学能，并生产食物和氧气的基本生存技能。,"식물은 마치 작은 요리사와 같아요. 햇빛을 에너지로 이용해 공기 중의 이산화탄소와 흙 속의 물을 자신에게 필요한 영양분으로 ‘조리’합니다. 이 놀라운 과정에서 식물은 또 우리가 호흡하는 데 필요한 산소도 만들어내어 주변 생물들에게 선물하죠. 간단히 말해, 광합성이란 식물이 빛 에너지를 화학 에너지로 변환시키고, 음식과 산소를 생산하는 기본적인 생존 기술입니다.",6.7336,4.6822,203,202,-1,,,,
factual_explanation,사실 설명,2,광합성이 무엇인지 중학생도 이해할 수 있도록 세 문장으로 설명해줘.,"Explain what photosynthesis is in three sentences, so that even middle school students can understand it.","Photosynthesis is the process by which green plants use sunlight to create their own food. Inside the leaves, plants capture energy from the sun and combine it with water and carbon dioxide from the air. This chemical reaction produces glucose for energy and releases oxygen, which we breathe in.","광합성은 녹색 식물이 햇빛을 이용해 자신에게 필요한 영양분을 만드는 과정입니다. 잎 속에서 식물은 태양으로부터 에너지를 얻어 공기 중의 물과 이산화탄소와 결합시킵니다. 이러한 화학 반응을 통해 에너지원인 포도당이 생성되고, 우리가 호흡하는 산소도 방출됩니다.",请用三句话来解释什么是光合作用，要让初中生也能听懂。,光合作用就像植物的“自助餐厅”，它们利用阳光的能量，把空气中的二氧化碳和土壤里的水变成自己需要的养分。在这个过程中，植物不仅给自己制造了食物，还顺便向空气中排放了我们呼吸所需的氧气。简单来说，这就是绿色植物借助阳光，将无机物转化为有机物并释放氧气的奇妙过程。,"광합성은 마치 식물들의 “뷔페”와 같습니다. 식물들은 햇빛의 에너지를 이용해 공기 중의 이산화탄소와 토양 속의 물을 자신들이 필요로 하는 영양분으로 변환합니다. 이 과정에서 식물들은 자신들을 위한 음식을 만들어낼 뿐만 아니라, 우리가 호흡하는 데 필요한 산소도 공기 중으로 방출합니다. 간단히 말해, 이는 녹색 식물들이 햇빛을 이용해 무기물을 유기물로 전환시키고 산소를 방출하는 놀라운 과정입니다.",4.8553,4.8409,144,222,78,,,,
factual_explanation,사실 설명,3,광합성이 무엇인지 중학생도 이해할 수 있도록 세 문장으로 설명해줘.,"Explain what photosynthesis is in three sentences, so that even middle school students can understand it.","Photosynthesis is the process by which green plants use sunlight, water, and carbon dioxide to create their own food. Inside the plant's leaves, special parts called chloroplasts capture the sun's energy to break down these ingredients. This process produces glucose, which gives the plant energy to grow, and releases oxygen into the air for us to breathe.","광합성은 녹색 식물들이 햇빛, 물, 이산화탄소를 이용해 스스로 먹이를 만드는 과정입니다. 식물의 잎 안에는 엽록소라는 특별한 구조가 있어서 태양 에너지를 포착하여 이러한 성분들을 분해합니다. 이 과정을 통해 포도당이 생성되는데, 이 포도당이 식물이 성장하는 데 필요한 에너지를 제공하고, 우리가 호흡할 수 있도록 공기 중으로 산소도 방출합니다.",请用三句话来解释什么是光合作用，要确保初中生也能理解。,"1. 植物就像一位“绿色厨师”，利用阳光作为能量来源，将空气中的二氧化碳和土壤里的水混合在一起。
2. 在这个神奇的过程中，植物把水和二氧化碳“烹饪”成自己生长所需的糖分（食物），并释放出我们呼吸需要的氧气。
3. 简单来说，光合作用就是植物利用阳光把水和空气变成食物和氧气的过程。","1. 식물은 마치 “녹색 요리사”와 같아서, 햇빛을 에너지원으로 이용해 공기 중의 이산화탄소와 흙 속의 물을 함께 섞습니다.
2. 이 놀라운 과정에서 식물은 물과 이산화탄소를 “조리”하여 자신이 성장하는 데 필요한 당분(음식)으로 만들고, 우리가 호흡하는 데 필요한 산소를 방출합니다.
3. 간단히 말해, 광합성이란 식물이 햇빛을 이용해 물과 공기를 음식과 산소로 만드는 과정입니다.",4.9765,5.3274,192,214,22,,,,
factual_explanation,사실 설명,4,광합성이 무엇인지 중학생도 이해할 수 있도록 세 문장으로 설명해줘.,"Explain what photosynthesis is in three sentences, so that even middle school students can understand it.","Photosynthesis is the process by which green plants use sunlight, water, and carbon dioxide to create their own food. Inside the plant's leaves, energy from the sun is converted into chemical energy stored in sugars, which the plant needs to grow and stay healthy. As a helpful byproduct of this process, plants release oxygen into the air, which is essential for humans and animals to breathe.","광합성은 녹색 식물이 햇빛, 물, 이산화탄소를 이용해 스스로 먹이를 만드는 과정입니다. 식물의 잎 속에서 태양 에너지는 설탕 형태로 저장되는 화학 에너지로 변환되는데, 이 설탕은 식물이 자라고 건강하게 유지되는 데 꼭 필요합니다. 이 과정의 부산물로서 식물은 공기 중으로 산소를 방출하는데, 이 산소는 인간과 동물이 호흡하는 데 반드시 필요한 것입니다.",请用三句话来解释什么是光合作用，要让初中生也能理解。,植物利用阳光作为能量来源，将空气中的二氧化碳和土壤里的水转化成自己能吃的“食物”（葡萄糖）。在这个过程中，植物会释放出我们呼吸所需的氧气，就像给地球“充电”一样。简单来说，光合作用就是植物把光能变成化学能，养活自己并净化空气的神奇过程。,"식물은 햇빛을 에너지원으로 삼아, 공기 중의 이산화탄소와 흙 속의 물을 자신이 먹을 수 있는 “음식”(포도당)으로 변환합니다. 이 과정에서 식물은 우리가 호흡하는 데 필요한 산소를 방출하는데, 이는 마치 지구에 “전기를 충전”해주는 것과 같습니다. 간단히 말해, 광합성이란 식물이 빛에너지를 화학에너지로 바꾸어 스스로를 기르고 공기를 정화하는 놀라운 과정입니다.",5.3449,4.6855,197,202,5,,,,
logical_reasoning,논리 추론,1,"철수는 영희보다 키가 크고, 영희는 민수보다 키가 크다. 민수가 지수보다 키가 크다면 네 사람을 키가 큰 순서대로 정리하고 이유를 설명해줘.","Cheol-su is taller than Young-hee, and Young-hee is taller than Min-su. If Min-su is taller than Ji-soo, arrange the four people in order of height and explain why.","To arrange the four people in order of height, we can break down the relationships provided step-by-step using logical deduction.

### Step 1: Analyze the Given Relationships
1.  **Cheol-su > Young-hee** (Cheol-su is taller than Young-hee)
2.  **Young-hee > Min-su** (Young-hee is taller than Min-su)
3.  **Min-su > Ji-soo** (Min-su is taller than Ji-soo)

### Step 2: Combine the Relationships
We can chain these inequalities together because they share common individuals:
*   From (1) and (2): Since Cheol-su is taller than Young-hee, and Young-hee is taller than Min-su, it logically follows that **Cheol-su is taller than Min-su**.
    *   Chain so far: **Cheol-su > Young-hee > Min-su**

*   Now incorporate (3): Since Min-su is taller than Ji-soo, we can append Ji-soo to the end of our existing chain.
    *   Full Chain: **Cheol-su > Young-hee > Min-su > Ji-soo**

### Step 3: Final Order
Based on the transitive property of height (if A > B and B > C, then A > C), the final order from tallest to shortest is:

1.  **Cheol-su** (Tallest)
2.  **Young-hee**
3.  **Min-su**
4.  **Ji-soo** (Shortest)

### Explanation
*   Cheol-su is at the top because he is taller than Young-hee, who is in turn taller than everyone else below her.
*   Ji-soo is at the bottom because Min-su (who is shorter than both Cheol-su and Young-hee) is still taller than Ji-soo.
*   Therefore, the complete hierarchy is: **Cheol-su > Young-hee > Min-su > Ji-soo**.","네 사람의 키 순서를 정하기 위해, 주어진 관계들을 논리적으로 추론하여 단계별로 분석할 수 있습니다.

### 1단계: 주어진 관계 분석
1. **철수 > 영희** (철수가 영희보다 키가 크다)
2. **영희 > 민수** (영희가 민수보다 키가 크다)
3. **민수 > 지수** (민수가 지수보다 키가 크다)

### 2단계: 관계들 결합하기
공통된 인물들이 포함되어 있으므로 이 부등식들을 연쇄적으로 연결할 수 있습니다:
* (1)과 (2)에 따르면: 철수가 영희보다 키가 크고, 영희가 민수보다 키가 크므로 **철수가 민수보다 키가 크다**는 것이 논리적으로 도출됩니다.
    * 지금까지의 연쇄 관계: **철수 > 영희 > 민수**

* 이제 (3)을 더해보면: 민수가 지수보다 키가 크므로, 기존 연쇄 관계의 끝에 지수를 추가할 수 있습니다.
    * 최종 연쇄 관계: **철수 > 영희 > 민수 > 지수**

### 3단계: 최종 순서
키의 전이적 성질에 따라(A가 B보다 크고 B가 C보다 크면, A는 C보다 크다), 키가 큰 순서대로 최종 순서는 다음과 같습니다:

1. **철수** (가장 키가 큼)
2. **영희**
3. **민수**
4. **지수** (가장 키가 작음)

### 설명
* 철수가 맨 위에 있는 이유는 그가 영희보다 키가 크며, 영희 역시 나머지 사람들보다 키가 크기 때문입니다.
* 지수가 맨 아래에 있는 이유는 철수와 영희보다 키가 작은 민수조차도 지수보다 키가 크기 때문입니다.
* 따라서 전체적인 키 순서는 **철수 > 영희 > 민수 > 지수**가 됩니다.",哲秀的身高比英姬高，而英姬的身高又比民秀高。如果民秀的身高比智秀高，那么请按照身高从高到低的顺序把这四个人排列出来，并说明原因。,"根据题目提供的条件，我们可以通过逻辑推理得出四人的身高顺序。

**已知条件：**
1. 哲秀 > 英姬
2. 英姬 > 民秀
3. 民秀 > 智秀（这是一个假设条件，题目问“如果……那么”）

**推理过程：**
- 由条件 1 和 2，我们可以得出链式关系：哲秀 > 英姬 > 民秀。
- 结合条件 3（民秀 > 智秀），我们将这个关系接在上面的链条后面。
- 因此，完整的顺序为：哲秀 > 英姬 > 民秀 > 智秀。

**最终答案：**
按照身高从高到低的顺序排列为：
**哲秀、英姬、民秀、智秀**

**原因说明：**
因为哲秀比英姬高，英姬比民秀高，所以哲秀 > 英姬 > 民秀；又因为假设民秀比智秀高，所以将智秀排在最后。综合得出：哲秀 > 英姬 > 民秀 > 智秀。","문제에서 주어진 조건들을 바탕으로 논리적 추론을 통해 네 사람의 키 순서를 알아낼 수 있습니다.

**주어진 조건:**
1. 철수 > 영희
2. 영희 > 민수
3. 민수 > 지수 (이것은 가정 조건입니다. 문제에서 “만약…라면”이라고 물었습니다.)

**추론 과정:**
- 조건 1과 2를 종합하면, 철수 > 영희 > 민수라는 연쇄적 관계를 얻을 수 있습니다.
- 조건 3(민수 > 지수)을 고려하여 이 관계를 위의 연쇄에 이어붙입니다.
- 따라서 완전한 순서는 철수 > 영희 > 민수 > 지수가 됩니다.

**최종 답변:**
키가 큰 순서대로 나열하면:
**철수, 영희, 민수, 지수**

**이유 설명:**
철수가 영희보다 크고, 영희가 민수보다 크므로 철수 > 영희 > 민수가 됩니다. 또한 가정에 따르면 민수가 지수보다 크므로 지수를 맨 마지막에 둡니다. 종합하면 철수 > 영희 > 민수 > 지수가 됩니다.",21.1912,12.969,783,455,-328,,,,
logical_reasoning,논리 추론,2,"철수는 영희보다 키가 크고, 영희는 민수보다 키가 크다. 민수가 지수보다 키가 크다면 네 사람을 키가 큰 순서대로 정리하고 이유를 설명해줘.","Cheol-su is taller than Yeong-hee, and Yeong-hee is taller than Min-su. If Min-su is taller than Ji-soo, arrange the four of them in order of height and explain why.","To determine the order of height, we can break down the relationships provided in the prompt step by step using logical deduction:

1.  **Cheol-su is taller than Yeong-hee**:
    $$ \text{Cheol-su} > \text{Yeong-hee} $$

2.  **Yeong-hee is taller than Min-su**:
    $$ \text{Yeong-hee} > \text{Min-su} $$

    Combining these two statements (by the transitive property of inequality), we get:
    $$ \text{Cheol-su} > \text{Yeong-hee} > \text{Min-su} $$

3.  **Min-su is taller than Ji-soo**:
    $$ \text{Min-su} > \text{Ji-soo} $$

    Now, we combine this with the previous result. Since Min-su is taller than Ji-soo, and we already know Min-su is the shortest in the first group (Cheol-su, Yeong-hee, Min-su), Ji-soo must be shorter than all of them.

    Therefore:
    $$ \text{Cheol-su} > \text{Yeong-hee} > \text{Min-su} > \text{Ji-soo} $$

### Final Order (from tallest to shortest):
1. **Cheol-su**
2. **Yeong-hee**
3. **Min-su**
4. **Ji-soo**

### Explanation:
The order is determined by the transitive property of ""taller than."" Since Cheol-su > Yeong-hee and Yeong-hee > Min-su, Cheol-su must be taller than Min-su. Adding the fact that Min-su > Ji-soo places Ji-soo at the bottom of the list. Thus, the complete hierarchy is Cheol-su > Yeong-hee > Min-su > Ji-soo.","키 순서를 결정하기 위해, 주어진 정보들을 논리적 추론을 통해 단계별로 분석해볼 수 있습니다.

1. **철수는 영희보다 키가 크다**:
   $$ \text{철수} > \text{영희} $$

2. **영희는 민수보다 키가 크다**:
   $$ \text{영희} > \text{민수} $$

   이 두 가지 사실을 합치면(부등식의 전이 성질에 의해) 다음과 같습니다:
   $$ \text{철수} > \text{영희} > \text{민수} $$

3. **민수는 지수보다 키가 크다**:
   $$ \text{민수} > \text{지수} $$

   이제 이 결과를 앞서 도출한 결과와 합칩니다. 민수가 지수보다 키가 크고, 철수, 영희, 민수 중에서는 민수가 가장 키가 작으므로, 지수는 그들 모두보다 키가 작을 수밖에 없습니다.

   따라서:
   $$ \text{철수} > \text{영희} > \text{민수} > \text{지수} $$

### 최종 키 순서 (가장 키 큰 순서부터):
1. **철수**
2. **영희**
3. **민수**
4. **지수**

### 설명:
“키가 크다”라는 관계의 전이 성질에 따라 순서가 결정됩니다. 철수가 영희보다 크고, 영희가 민수보다 크므로 철수는 민수보다도 키가 큽니다. 또한 민수가 지수보다 크다는 점을 고려하면, 지수가 가장 키가 작게 됩니다. 따라서 최종적인 키 순서는 철수 > 영희 > 민수 > 지수가 됩니다.",哲洙的身高比英熙高，而英熙的身高又比民秀高。如果民秀的身高比智秀高的话，请把这四个人的身高按照从高到低的顺序排一下，并说明理由。,"根据题目给出的条件，我们可以通过逻辑推导来确定这四个人的身高顺序。

**已知条件：**
1. 哲洙 > 英熙
2. 英熙 > 民秀
3. 民秀 > 智秀（假设条件）

**推导过程：**

1. 由条件 1 和 2 可以得出一个连锁关系：
   $$ \text{哲洙} > \text{英熙} > \text{民秀} $$

2. 结合条件 3（民秀 > 智秀），我们可以将智秀加入到上述链条中：
   $$ \text{哲洙} > \text{英熙} > \text{民秀} > \text{智秀} $$

**结论：**

这四个人身高从高到低的顺序为：
**哲洙 > 英熙 > 民秀 > 智秀**

**理由：**
身高关系具有传递性。既然哲洙比英熙高，英熙比民秀高，那么哲洙必然比民秀高；又因为题目假设民秀比智秀高，所以将智秀排在最末尾即可得到完整的高矮顺序。","문제에서 주어진 조건들을 바탕으로 논리적 추론을 통해 이 네 사람의 키 순서를 확인할 수 있습니다.

**주어진 조건:**
1. 철수 > 영희
2. 영희 > 민수
3. 민수 > 지수 (가정 조건)

**추론 과정:**

1. 조건 1과 2를 통해 연쇄 관계를 도출할 수 있습니다:
   $$ \text{철수} > \text{영희} > \text{민수} $$

2. 조건 3(민수 > 지수)을 결합하면, 지수를 위 연쇄 관계에 추가할 수 있습니다:
   $$ \text{철수} > \text{영희} > \text{민수} > \text{지수} $$

**결론:**

이 네 사람의 키가 큰 순서대로 나열하면 다음과 같습니다:
**철수 > 영희 > 민수 > 지수**

**이유:**
키의 크기 관계는 전이적입니다. 철수가 영희보다 크고, 영희가 민수보다 크다면 철수는 반드시 민수보다 크게 됩니다. 또한 문제에서 민수가 지수보다 크다고 가정했으므로, 지수를 가장 마지막에 배치하면 완전한 키 순서를 얻게 됩니다.",19.9059,13.4986,713,507,-206,,,,
logical_reasoning,논리 추론,3,"철수는 영희보다 키가 크고, 영희는 민수보다 키가 크다. 민수가 지수보다 키가 크다면 네 사람을 키가 큰 순서대로 정리하고 이유를 설명해줘.","Cheol-su is taller than Young-hee, and Young-hee is taller than Min-su. If Min-su is taller than Ji-soo, arrange the four people in order of height and explain why.","Based on the logical relationships provided, we can determine the order of height by connecting the statements step-by-step:

1.  **Cheol-su is taller than Young-hee**:  
    $ \text{Cheol-su} > \text{Young-hee} $

2.  **Young-hee is taller than Min-su**:  
    $ \text{Young-hee} > \text{Min-su} $

   Combining these two gives:  
   $ \text{Cheol-su} > \text{Young-hee} > \text{Min-su} $

3.  **Min-su is taller than Ji-soo**:  
    $ \text{Min-su} > \text{Ji-soo} $

   Adding this to the previous chain gives:  
   $ \text{Cheol-su} > \text{Young-hee} > \text{Min-su} > \text{Ji-soo} $

### Final Order (from tallest to shortest):
1. **Cheol-su**  
2. **Young-hee**  
3. **Min-su**  
4. **Ji-soo**

### Explanation:
The height relationships form a transitive chain. Since Cheol-su is taller than Young-hee, and Young-hee is taller than Min-su, Cheol-su must be taller than Min-su. Furthermore, since Min-su is taller than Ji-soo, the entire sequence follows a strict descending order of height. Therefore, Cheol-su is the tallest, and Ji-soo is the shortest.","주어진 논리적 관계를 바탕으로, 각 명제들을 단계별로 연결하여 키 순서를 도출할 수 있습니다:

1. **철수는 영희보다 키가 크다**:  
   $ \text{철수} > \text{영희} $

2. **영희는 민수보다 키가 크다**:  
   $ \text{영희} > \text{민수} $

   이 두 가지를 결합하면 다음과 같습니다:  
   $ \text{철수} > \text{영희} > \text{민수} $

3. **민수는 지수보다 키가 크다**:  
   $ \text{민수} > \text{지수} $

   이를 앞서 도출된 순서에 추가하면 다음과 같습니다:  
   $ \text{철수} > \text{영희} > \text{민수} > \text{지수} $

### 최종 키 순서 (가장 키 큰 순서부터):
1. **철수**  
2. **영희**  
3. **민수**  
4. **지수**

### 설명:
키에 관한 관계들이 전이적 성질을 가집니다. 철수가 영희보다 키가 크고, 영희가 민수보다 키가 크므로 철수는 반드시 민수보다 키가 큽니다. 또한 민수가 지수보다 키가 크므로 전체 순서는 키가 큰 순서대로 일관되게 이어집니다. 따라서 철수가 가장 키가 크고, 지수가 가장 키가 작습니다.",哲秀的身高比英姬高，而英姬的身高又比民秀高。如果民秀的身高比智秀高，那么请按照身高从高到低的顺序把四个人排列出来，并说明原因。,"根据题目给出的条件，我们可以逐步推导这四个人的身高关系：

1.  **已知条件一**：哲秀的身高比英姬高。
    *   即：**哲秀 > 英姬**

2.  **已知条件二**：英姬的身高比民秀高。
    *   即：**英姬 > 民秀**

    *结合条件一和二，我们可以得出前三个人的顺序为：*
    **哲秀 > 英姬 > 民秀**

3.  **假设条件三**：题目问“如果民秀的身高比智秀高”。
    *   即：**民秀 > 智秀**

4.  **综合推导**：
    *   从步骤2可知：哲秀 > 英姬 > 民秀
    *   从假设条件可知：民秀 > 智秀
    *   将两者连接起来：**哲秀 > 英姬 > 民秀 > 智秀**

### 最终结论：

按照身高从高到低的顺序排列为：
**哲秀 > 英姬 > 民秀 > 智秀**

### 原因说明：
这是一个基于传递性（Transitivity）的逻辑推理。身高关系具有可传递性，即如果 A 比 B 高，B 比 C 高，则 A 一定比 C 高。题目中给出的链条是“哲秀 > 英姬”和“英姬 > 民秀”，再结合假设“民秀 > 智秀”，因此可以确定四人完整的身高排序。","문제에 주어진 조건들을 바탕으로, 네 사람의 키 순서를 단계별로 도출할 수 있습니다:

1.  **주어진 조건 1**: 철수의 키가 영희보다 큽니다.
    *   즉: **철수 > 영희**

2.  **주어진 조건 2**: 영희의 키가 민수보다 큽니다.
    *   즉: **영희 > 민수**

    *조건 1과 2를 결합하면, 처음 세 사람의 순서는 다음과 같습니다:*
    **철수 > 영희 > 민수**

3.  **가정 조건 3**: 문제에서 “만약 민수의 키가 지수보다 크다면”이라고 물었습니다.
    *   즉: **민수 > 지수**

4.  **종합 도출**:
    *   ​2단계에서 알 수 있듯이: 철수 > 영희 > 민수
    *   가정 조건에 따르면: 민수 > 지수
    *   두 가지를 연결하면: **철수 > 영희 > 민수 > 지수**

### 최종 결론:

키가 큰 순서대로 나열하면 다음과 같습니다:
**철수 > 영희 > 민수 > 지수**

### 이유 설명:
이것은 전이성(Transitivity)에 기반한 논리적 추론입니다. 키의 상대적 크기는 전이적 성질을 가집니다. 즉, A가 B보다 크고 B가 C보다 크다면, A는 반드시 C보다 큽니다. 문제에서 제시된 관계는 “철수 > 영희”와 “영희 > 민수”이며, 여기에 가정 조건인 “민수 > 지수”를 결합하면 네 사람의 전체적인 키 순서를 확정할 수 있습니다.",16.5923,17.6542,618,700,82,,,,
logical_reasoning,논리 추론,4,"철수는 영희보다 키가 크고, 영희는 민수보다 키가 크다. 민수가 지수보다 키가 크다면 네 사람을 키가 큰 순서대로 정리하고 이유를 설명해줘.","Cheol-su is taller than Young-hee, and Young-hee is taller than Min-su. If Min-su is taller than Ji-soo, arrange the four people in order of height and explain why.","To determine the order of height, we can break down the relationships provided in the statement step by step:

1.  **Cheol-su > Young-hee**: Cheol-su is taller than Young-hee.
2.  **Young-hee > Min-su**: Young-hee is taller than Min-su.
    *   Combining 1 and 2, we know that **Cheol-su > Young-hee > Min-su**.
3.  **Min-su > Ji-soo**: Min-su is taller than Ji-soo.
    *   Combining this with the previous chain, we get: **Cheol-su > Young-hee > Min-su > Ji-soo**.

### Final Order (from tallest to shortest):
1. **Cheol-su**
2. **Young-hee**
3. **Min-su**
4. **Ji-soo**

### Explanation:
The height relationship is transitive. Since Cheol-su is taller than Young-hee, and Young-hee is taller than Min-su, Cheol-su must be taller than both. Similarly, since Min-su is taller than Ji-soo, and Min-su is already shorter than Young-hee and Cheol-su, Ji-soo must be the shortest of the four. Therefore, the descending order of height is Cheol-su, Young-hee, Min-su, and Ji-soo.","키 순서를 결정하기 위해, 문제에 제시된 관계들을 단계별로 분석해볼 수 있습니다:

1. **철수 > 영희**: 철수가 영희보다 키가 큽니다.
2. **영희 > 민수**: 영희가 민수보다 키가 큽니다.
   * 1번과 2번을 합치면 **철수 > 영희 > 민수**임을 알 수 있습니다.
3. **민수 > 지수**: 민수가 지수보다 키가 큽니다.
   * 이를 앞서 도출된 순서와 합치면 **철수 > 영희 > 민수 > 지수**가 됩니다.

### 최종 키 순서 (가장 키가 큰 순서대로):
1. **철수**
2. **영희**
3. **민수**
4. **지수**

### 설명:
키의 관계는 전이적입니다. 철수가 영희보다 키가 크고, 영희가 민수보다 키가 크므로 철수는 민수보다도 키가 큽니다. 마찬가지로 민수가 지수보다 키가 크고, 민수는 이미 영희와 철수보다 키가 작으므로 지수는 네 사람 중 가장 키가 작습니다. 따라서 키의 내림차순은 철수, 영희, 민수, 지수가 됩니다.",哲秀的身高比英姬高，而英姬的身高又比民秀高。如果民秀的身高比智秀高，那么请按照身高从高到低的顺序把四个人排列出来，并说明理由。,"根据题目给出的条件，我们可以逐步推导四人的身高关系：

1.  **已知条件：**
    *   哲秀 > 英姬
    *   英姬 > 民秀
    *   民秀 > 智秀

2.  **逻辑推导：**
    *   由“哲秀 > 英姬”和“英姬 > 民秀”，根据传递性可得：**哲秀 > 民秀**。
    *   结合“民秀 > 智秀”，我们可以将链条连接起来：
        **哲秀 > 英姬 > 民秀 > 智秀**

    或者更直接地看：
    *   哲秀 > 英姬
    *   英姬 > 民秀
    *   民秀 > 智秀
    *   因此：哲秀 > 英姬 > 民秀 > 智秀

3.  **结论：**
    按照身高从高到低的顺序排列为：
    **哲秀、英姬、民秀、智秀**

**理由：**
身高关系具有传递性。因为哲秀比英姬高，英姬比民秀高，所以哲秀必然比民秀高；又因为民秀比智秀高，所以整个身高序列为哲秀 > 英姬 > 民秀 > 智秀。","주어진 조건에 따라, 네 사람의 키 순서를 단계별로 유추할 수 있습니다:

1.  **주어진 조건:**
    *   철수 > 영희
    *   영희 > 민수
    *   민수 > 지수

2.  **논리적 추론:**
    *   “철수 > 영희”와 “영희 > 민수”라는 조건에 따라, 전이성 원리를 적용하면 **철수 > 민수**가 됩니다.
    *   여기에 “민수 > 지수”를 더하면 다음과 같은 순서를 만들 수 있습니다:
        **철수 > 영희 > 민수 > 지수**

    혹은 더 직관적으로 보아도:
    *   철수 > 영희
    *   영희 > 민수
    *   민수 > 지수
    *   따라서: 철수 > 영희 > 민수 > 지수

3.  **결론:**
    키가 큰 순서대로 나열하면 다음과 같습니다:
    **철수, 영희, 민수, 지수**

**이유:**
키의 크기 관계는 전이성을 가집니다. 철수가 영희보다 크고, 영희가 민수보다 크므로 철수는 반드시 민수보다 큽니다. 또한 민수가 지수보다 크므로 전체적인 키 순서는 철수 > 영희 > 민수 > 지수가 됩니다.",14.8451,15.2377,488,561,73,,,,
structured_comparison,구조화 비교,1,"재택근무와 사무실 근무의 장단점을 생산성, 소통, 비용이라는 세 기준으로 비교해서 마크다운 표로 작성해줘.","Compare the pros and cons of working from home and working in an office based on three criteria: productivity, communication, and cost. Present the results in a Markdown table.","Here is a comparison of working from home (WFH) versus working in an office, based on productivity, communication, and cost.

| Criteria | Working from Home (WFH) | Working in an Office |
| :--- | :--- | :--- |
| **Productivity** | **Pros:**<br>• Fewer face-to-face interruptions.<br>• Flexible schedule allows working during peak personal energy times.<br>• No commute, freeing up time for work or rest.<br><br>**Cons:**<br>• Home distractions (family, chores, pets).<br>• Lack of structure can lead to procrastination.<br>• Blurred boundaries between work and personal life. | **Pros:**<br>• Structured environment encourages focus on tasks.<br>• Easier to separate work and personal life (clear end of day).<br>• Immediate access to resources and colleagues for quick problem-solving. |
| **Communication** | **Pros:**<br>• Asynchronous communication allows for deeper, more thoughtful responses.<br>• Reduced noise and social pressure during focused work blocks. | **Pros:**<br>• Spontaneous, real-time interaction fosters quick collaboration.<br>• Non-verbal cues are visible, improving understanding and relationship building.<br>• Easier to build team culture and social bonds. |
| **Cost** | **Pros:**<br>• No daily commuting expenses (gas, parking, public transit).<br>• Potential savings on work clothes and lunch out.<br>• Employer may provide home office stipends. | **Pros:**<br>• All equipment, utilities, and facilities are provided by the employer.<br>• No need to invest in home office setup (desk, chair, internet upgrades).<br>• Predictable and covered overhead costs for the employee. |","다음은 생산성, 소통, 비용 측면에서 재택근무와 사무실 근무를 비교한 내용입니다.

| 기준 | 재택근무 (WFH) | 사무실 근무 |
| :--- | :--- | :--- |
| **생산성** | **장점:**<br>• 대면으로 인한 방해 요소가 적음.<br>• 유연한 일정 덕분에 개인의 컨디션이 가장 좋은 시간대에 일할 수 있음.<br>• 통근이 필요 없어 업무나 휴식을 위한 시간을 확보하기 쉬움.<br><br>**단점:**<br>• 가정 내의 방해 요소들(가족, 집안일, 반려동물 등).<br>• 구조화된 환경이 부족해 업무 지연이 발생할 수 있음.<br>• 업무와 개인 생활의 경계가 모호해짐. | **장점:**<br>• 구조화된 환경이 업무에 집중하도록 도와줌.<br>• 업무와 개인 생활을 명확히 분리하기 쉬움(하루의 끝을 명확히 알 수 있음).<br>• 문제를 신속히 해결하기 위해 필요한 자원 및 동료들과 즉시 소통 가능. |
| **소통** | **장점:**<br>• 비동기식 소통 방식 덕분에 보다 심사숙고한 답변을 할 수 있음.<br>• 집중해서 일하는 시간 동안 소음이나 사회적 압박이 줄어듦. | **장점:**<br>• 즉각적이고 실시간으로 이루어지는 상호작용이 신속한 협업을 촉진함.<br>• 비언어적 신호를 확인할 수 있어 이해도와 관계 형성이 용이함.<br>• 팀 문화와 유대감을 형성하기가 쉬움. |
| **비용** | **장점:**<br>• 매일 발생하는 통근 비용(휘발유, 주차비, 대중교통비)이 없음.<br>• 업무용 의류나 외식 비용을 절약할 수 있음.<br>• 고용주가 재택근무 수당을 제공하기도 함. | **장점:**<br>• 모든 장비, 공과금, 시설이 고용주에 의해 제공됨.<br>• 재택근무 환경 구축을 위해 의자, 책상, 인터넷 업그레이드 등에 비용을 들일 필요가 없음.<br>• 직원 입장에서는 예측 가능하고 보장된 비용 구조가 형성됨. |",请以生产力、沟通和成本这三个标准，对比远程办公与办公室办公的优缺点，并用Markdown表格的形式呈现出来。,"以下是基于**生产力**、**沟通**和**成本**三个维度，对远程办公与办公室办公进行的详细对比分析：

### 远程办公 vs. 办公室办公：优缺点对比

| 评估标准 | 维度细分 | 远程办公 (Remote Work) | 办公室办公 (Office Work) |
| :--- | :--- | :--- | :--- |
| **生产力**<br>(Productivity) | **优势** | • **深度工作空间**：减少办公室噪音和干扰，有利于专注处理复杂任务。<br>• **时间节省**：无需通勤，可将原本用于交通的时间转化为工作或休息。<br>• **灵活作息**：员工可根据个人生物钟选择最高效的工作时段。 | • **即时反馈与协作**：面对面交流能迅速解决技术难题，减少等待时间。<br>• **环境标准化**：统一的办公环境和设备支持，确保工作条件的一致性。<br>• **社会促进效应**：同事的存在往往能激发竞争意识，提高专注度。 |
| | **劣势** | • **家庭干扰**：家务、孩子照料或家庭成员可能打断工作节奏。<br>• **自律挑战**：缺乏外部监督，部分员工可能难以保持高强度的自我驱动。<br>• **工具依赖**：过度依赖网络连接和数字化工具，技术故障可能直接导致工作中断。 | • **会议过载**：频繁的线下会议可能占据大量时间，导致碎片化工作。<br>• **通勤疲劳**：长时间通勤消耗精力，可能导致上班后状态不佳或下班后无剩余精力。<br>• **环境干扰**：开放式办公区的噪音、同事走动等可能分散注意力。 |
| **沟通**<br>(Communication) | **优势** | • **非正式联络灵活**：通过即时通讯工具（IM）进行碎片化沟通，不打断对方深度工作。<br>• **记录留存**：文字沟通天然形成档案，便于追溯和知识沉淀。 | • **非语言信息传递**：肢体语言、表情和语气有助于更准确地理解意图，减少误解。<br>• **快速建立信任**：面对面的互动更容易建立情感连接和团队凝聚力。<br>• **即兴创新**：走廊聊天或白板前的头脑风暴往往能激发意想不到的创意。 |
| | **劣势** | • **信息孤岛风险**：异步沟通可能导致信息滞后，新成员融入困难。<br>• **文化隔阂**：不同地区/时区的同事可能因沟通习惯差异产生摩擦。<br>• **缺乏“在场感”**：难以捕捉团队的整体氛围和微妙的情绪变化。 | • **沟通效率瓶颈**：面对面会议若缺乏明确议程，容易发散且耗时。<br>• **层级固化**：传统办公室结构可能抑制初级员工在资深管理者面前自由表达观点。<br>• **噪音干扰**：开放式办公可能导致听不清电话或对话，影响沟通质量。 |
| **成本**<br>(Cost) | **优势** | • **企业端**：大幅降低办公室租金、水电费、清洁及设施维护成本。<br>• **员工端**：节省通勤费用（交通/停车）、工作餐及正装购置成本。<br>• **地理套利**：企业可雇佣全球人才，无需支付一线城市高昂薪资溢价。 | • **员工端**：获得免费或补贴的办公设施、茶水间福利及专业培训机会。<br>• **企业端**：易于统一管理和品牌形象展示，客户拜访接待更便捷且专业。<br>• **招聘便利**：本地化招聘流程简单，面试成本低。 |
| | **劣势** | • **企业端**：需投入额外成本用于远程协作软件、网络安全升级及数字基础设施。<br>• **员工端**：需自行承担家庭网络、电力、独立办公空间等隐性成本。<br>• **管理难度**：需投入资源建立远程信任机制和绩效评估体系，避免“监控式”管理带来的负面情绪。 | • **企业端**：高昂的固定运营成本（房租、装修、设备折旧）随员工数量线性增长。<br>• **招聘局限**：受地理位置限制，难以吸引全球顶尖人才，可能需支付更高薪资以补偿通勤不便。<br>• **员工端**：隐性成本高，包括通勤时间机会成本、外出就餐支出及职业形象维护费用。 |

### 总结建议

*   **选择远程办公**适合：任务独立性强、结果导向明确、员工自律性高、创意工作占比大的团队。
*   **选择办公室办公**适合：需要紧密协作、高度依赖非语言沟通、客户服务导向、或处于快速扩张需建立强烈文化认同的团队。

许多现代企业正趋向于**混合办公模式（Hybrid Work）**，试图结合两者的优势：例如，将深度工作时段安排在远程，而将协作、培训和团队建设活动集中在办公室进行。","다음은 **생산성**, **소통**, **비용**이라는 세 가지 차원에 기반하여 원격 근무와 사무실 근무를 상세히 비교 분석한 내용입니다:

### 원격 근무 vs. 사무실 근무: 장단점 비교

| 평가 기준 | 세부 차원 | 원격 근무 (Remote Work) | 사무실 근무 (Office Work) |
| :--- | :--- | :--- | :--- |
| **생산성**<br>(Productivity) | **장점** | • **몰입을 위한 공간**: 사무실의 소음과 방해 요소가 줄어들어 복잡한 업무에 집중하기 용이함.<br>• **시간 절약**: 통근이 필요 없어 교통 시간을 업무나 휴식 시간으로 활용할 수 있음.<br>• **유연한 근무 시간**: 직원들이 자신의 생체 리듬에 맞춰 가장 효율적인 업무 시간을 선택할 수 있음. | • **즉각적인 피드백 및 협업**: 대면 소통으로 기술적 문제를 신속히 해결하고 대기 시간을 단축할 수 있음.<br>• **환경의 표준화**: 통일된 사무 환경과 장비 덕분에 일관된 작업 조건이 보장됨.<br>• **사회적 촉진 효과**: 동료들의 존재가 경쟁심을 불러일으켜 집중력을 높이는 데 도움을 줌. |
| | **단점** | • **가정 내 방해 요소**: 집안일, 육아 또는 가족들이 업무 흐름을 방해할 수 있음.<br>• **자기 통제의 어려움**: 외부 감독이 없어 일부 직원들은 높은 수준의 자기 동기 부여를 유지하기 어려울 수 있음.<br>• **도구 의존성**: 네트워크 연결과 디지털 도구에 지나치게 의존하므로 기술적 오류가 발생하면 업무가 중단될 수 있음. | • **회의 과다**: 잦은 대면 회의가 많은 시간을 차지하여 업무가 단편화될 수 있음.<br>• **통근 피로**: 장시간 통근으로 인해 업무 능률이 떨어지거나 퇴근 후에 남는 여유가 없을 수 있음.<br>• **환경적 방해**: 개방형 사무실의 소음이나 동료들의 왕래 등이 주의력을 분산시킬 수 있음. |
| **소통**<br>(Communication) | **장점** | • **비공식적 연락의 유연성**: 인스턴트 메신저 등을 통해 단편적인 소통이 가능하여 상대방의 몰입을 방해하지 않음.<br>• **기록의 보존**: 문자 소통은 자연스럽게 기록으로 남아 추적 및 지식 축적에 용이함. | • **비언어적 정보 전달**: 몸짓, 표정, 어조 등을 통해 의도를 더 정확히 파악하여 오해를 줄일 수 있음.<br>• **신뢰 형성의 용이성**: 대면 상호작용을 통해 감정적 유대감과 팀 결속력을 쉽게 형성할 수 있음.<br>• **즉흥적 혁신**: 복도에서의 대화나 화이트보드를 활용한 브레인스토밍이 예상치 못한 창의력을 불러일으킬 수 있음. |
| | **단점** | • **정보 고립 위험**: 비동기식 소통으로 인해 정보 전달이 지연되고, 신규 직원의 적응이 어려울 수 있음.<br>• **문화적 격차**: 서로 다른 지역/시간대에 있는 동료들 간에 소통 습관 차이로 마찰이 발생할 수 있음.<br>• **“현존감” 부족**: 팀 전체의 분위기나 미묘한 감정 변화를 파악하기 어려움. | • **소통 효율성의 한계**: 명확한 의제가 없는 대면 회의는 산만해지기 쉽고 시간이 많이 소요됨.<br>• **계층 구조의 경직성**: 전통적인 사무실 구조는 하급 직원들이 고위 관리자 앞에서 자유롭게 의견을 표현하는 것을 제약할 수 있음.<br>• **소음 방해**: 개방형 사무실에서는 전화 통화나 대화를 제대로 듣기 어려워 소통의 질이 저하될 수 있음. |
| **비용**<br>(Cost) | **장점** | • **기업 측면**: 사무실 임대료, 공공요금, 청소 및 시설 유지비용을 크게 절감할 수 있음.<br>• **직원 측면**: 통근비(교통/주차), 식대, 정장 구입비 등을 절약할 수 있음.<br>• **지리적 비용 절감**: 글로벌 인재를 채용할 수 있어 1선 도시의 높은 인건비를 지불할 필요가 없음. | • **직원 측면**: 무료 또는 지원되는 사무 시설, 휴게 공간 및 전문 교육 기회를 얻을 수 있음.<br>• **기업 측면**: 통일된 관리와 브랜드 이미지 구축이 쉬우며, 고객 방문接待도 더 전문적으로 진행 가능함.<br>• **채용의 용이성**: 지역 기반 채용 절차가 간단하고 면접 비용도 저렴함. |
| | **단점** | • **기업 측면**: 원격 협업 소프트웨어, 네트워크 보안 강화 및 디지털 인프라 구축에 추가 비용이 발생함.<br>• **직원 측면**: 가정용 인터넷, 전기, 별도의 업무 공간 등을 직접 부담해야 하는 숨겨진 비용이 발생함.<br>• **관리 난이도**: 원격 환경에서의 신뢰 구축 및 성과 평가 체계 마련에 자원이 필요하며, “감시형” 관리는 부정적 감정을 초래할 수 있음. | • **기업 측면**: 고정 운영비용(임대료, 인테리어, 설비 감가상각)이 직원 수에 따라 선형적으로 증가함.<br>• **채용의 제약**: 지리적 제약으로 글로벌 최고 인재를 유치하기 어려우며, 통근 불편함을 보상하기 위해 더 높은 급여가 필요할 수 있음.<br>• **직원 측면**: 통근 시간의 기회비용, 외식 비용, 비즈니스 이미지 관리 비용 등 숨겨진 비용이 많음. |

### 요약 및 제안

*   **원격 근무**는: 업무의 독립성이 강하고 결과 지향적이며, 직원들의 자기 통제력이 높고 창의적 업무 비중이 큰 팀에 적합합니다.
*   **사무실 근무**는: 긴밀한 협업이 필요하고 비언어적 소통에 의존도가 높으며, 고객 서비스 지향적이거나 급속히 성장하며 강력한 조직 문화를 구축해야 하는 팀에 적합합니다.

많은 현대 기업들은 **하이브리드 근무 모델(Hybrid Work)**로 나아가고 있습니다. 이는 두 방식의 장점을 결합하려는 시도로, 예를 들어 몰입이 필요한 업무 시간은 원격으로 처리하고, 협업, 교육, 팀 빌딩 활동은 사무실에서 진행하는 방식입니다.",20.8147,55.9434,948,2888,1940,,,,
structured_comparison,구조화 비교,2,"재택근무와 사무실 근무의 장단점을 생산성, 소통, 비용이라는 세 기준으로 비교해서 마크다운 표로 작성해줘.","Compare the pros and cons of working from home and working in an office based on three criteria: productivity, communication, and cost. Present the results in a Markdown table.","Here is a comparison of working from home versus working in an office based on productivity, communication, and cost.

| Criteria | Working from Home | Working in an Office |
| :--- | :--- | :--- |
| **Productivity** | **Pros:**<br>• Fewer interruptions and distractions.<br>• Flexible scheduling allows working during peak personal energy hours.<br>• No commute, saving 1–2+ hours daily for focused work or rest. | **Cons:**<br>• Open-plan noise, meetings, and social interactions can fragment focus.<br>• Commuting creates fatigue that reduces effective working hours.<br>• Less autonomy over work rhythm. |
| **Communication** | **Pros:**<br>• Asynchronous communication (email, chat) allows for deeper, uninterrupted focus periods.<br>• Controlled environment for taking calls or video meetings. | **Cons:**<br>• Risk of isolation and reduced spontaneous collaboration.<br>• Over-reliance on digital tools can lead to misinterpretation or slower feedback loops for complex issues.<br>• Harder to build strong team culture and mentorship relationships. |
| **Cost** | **Pros:**<br>• Significant savings on commuting (gas, public transit, parking).<br>• Reduced spending on work clothes, lunches, and incidental office expenses.<br>• Personal space is often already paid for. | **Cons:**<br>• Daily commuting costs (fuel, transit passes).<br>• Higher daily expenses for meals and professional attire.<br>• May require home office upgrades (desk, chair, internet) if not provided by employer. |

### Summary
*   **Working from home** tends to favor individual productivity and personal cost savings but can challenge team cohesion and spontaneous communication.
*   **Working in an office** facilitates easier real-time collaboration and team bonding but often comes with lower individual productivity due to distractions/commute and higher daily expenses.

Many organizations now adopt **hybrid models** to balance these trade-offs, allowing flexibility while maintaining in-person connection.","다음은 생산성, 소통, 비용 측면에서 재택근무와 사무실 근무를 비교한 내용입니다.

| 기준 | 재택근무 | 사무실 근무 |
| :--- | :--- | :--- |
| **생산성** | **장점:**<br>• 방해 요소나 산만함이 적음.<br>• 유연한 스케줄 덕분에 개인의 최적의 컨디션 시간에 일할 수 있음.<br>• 통근이 필요 없어 매일 1~2시간 이상을 집중적인 업무나 휴식에 사용할 수 있음. | **단점:**<br>• 개방형 사무실의 소음, 회의, 대화로 인해 집중력이 흐트러질 수 있음.<br>• 통근으로 인해 피로가 쌓여 실제 근무 시간이 줄어들 수 있음.<br>• 업무 리듬을 스스로 조절하기 어려움. |
| **소통** | **장점:**<br>• 이메일, 채팅과 같은 비동기식 소통 덕분에 방해받지 않고 깊이 있는 업무 집중이 가능함.<br>• 전화나 화상 회의를 진행하기에 최적화된 환경임. | **단점:**<br>• 고립감이 생기거나 자발적인 협업 기회가 줄어들 수 있음.<br>• 디지털 도구에 지나치게 의존하면 복잡한 문제에 대한 오해나 느린 피드백이 발생할 수 있음.<br>• 강한 팀 문화나 멘토링 관계를 형성하기 어려움. |
| **비용** | **장점:**<br>• 통근 비용(휘발유, 대중교통, 주차료)이 크게 절약됨.<br>• 업무용 의상, 점심 식사, 사무실 관련 비용도 줄어듦.<br>• 개인 공간 사용 비용은 이미 지불된 경우가 많음. | **단점:**<br>• 매일 발생하는 통근 비용(연료, 교통카드 등).<br>• 식사 및 전문적인 복장에 드는 비용이 더 높음.<br>• 고용주가 제공하지 않는다면 홈오피스용 책상, 의자, 인터넷 설비 등을 추가로 준비해야 할 수도 있음. |

### 요약
* **재택근무**는 개인의 생산성 향상과 비용 절약에 유리하지만, 팀 결속력과 자발적인 소통에는 어려움이 있을 수 있습니다.
* **사무실 근무**는 실시간 협업과 팀 구성원 간의 유대감 형성에 유리하지만, 산만함과 통근으로 인해 개인의 생산성이 떨어지고 일상 비용도 더 많이 듭니다.

현재 많은 조직에서는 이러한 장단점을 균형 있게 조절하기 위해 **하이브리드 모델**을 채택하고 있으며, 이를 통해 유연성을 유지하면서도 대면 소통의 기회도 보장하고 있습니다.",请以生产力、沟通和成本这三个标准来比较远程办公和办公室办公的优缺点，并用Markdown表格的形式呈现出来。,"以下是基于**生产力**、**沟通**和**成本**三个维度，对远程办公与办公室办公优缺点的详细对比分析：

### 远程办公 vs. 办公室办公 对比表

| 比较维度 | 远程办公 (Remote Work) | 办公室办公 (Office Work) |
| :--- | :--- | :--- |
| **生产力**<br>(Productivity) | **优点：**<br>1. **深度工作时间多**：减少了办公室噪音、闲聊和突发干扰，员工更容易进入“心流”状态。<br>2. **灵活性高**：员工可根据个人生物钟安排高效时段（如早起或深夜工作），自主掌控节奏。<br>3. **无通勤压力**：省去每日往返通勤的时间，可将精力集中在核心任务上。<br><br>**缺点：**<br>1. **家庭干扰**：家务、子女照料或家人打扰可能打断工作流。<br>2. **界限模糊**：工作与生活空间重叠，容易导致过度工作或“永远在线”的压力。<br>3. **自我驱动依赖**：缺乏现场监督，自律性差的员工可能效率降低。 | **优点：**<br>1. **结构清晰**：固定的工作时间和地点有助于建立规律的工作节奏。<br>2. **即时协作**：遇到阻塞问题可立即面对面解决，减少等待反馈的时间。<br>3. **环境专注**：专门的办公空间通常更符合人体工学，且物理隔离了家庭干扰。<br><br>**缺点：**<br>1. **通勤损耗**：每日花费在交通上的时间（通常1-2小时）被直接扣除，导致有效工作时间减少。<br>2. **办公室噪音**：开放式办公区的键盘声、电话声和同事闲聊可能频繁打断专注。<br>3. **行政干扰**：会议过多、茶水间社交等非生产性活动占据大量工作时间。 |
| **沟通**<br>(Communication) | **优点：**<br>1. **书面记录清晰**：沟通多通过邮件、即时消息或文档进行，留有文字记录，便于回溯和责任追溯。<br>2. **异步协作**：允许不同时间区的团队按各自节奏沟通，减少不必要的实时会议。<br>3. **内向者友好**：性格内向的员工可能更乐于在文字环境中表达观点，而非当众发言。<br><br>**缺点：**<br>1. **非语言信息缺失**：视频通话难以捕捉微表情和肢体语言，容易误解语气或情绪。<br>2. **信息滞后**：异步沟通导致反馈周期变长，复杂问题的解决速度可能放缓。<br>3. **社交隔离感**：缺乏非正式交流（如走廊闲聊），导致团队凝聚力和创新火花减少，员工易感到孤独。 | **优点：**<br>1. **非正式交流丰富**：“茶水间文化”促进关系建立，有助于快速解决模糊问题并激发创意。<br>2. **语境完整**：面对面的沟通包含语气、表情和肢体语言，减少误解。<br>3. **团队凝聚力强**：物理共存增强了归属感和集体认同感，利于新员工融入。<br><br>**缺点：**<br>1. **会议泛滥**：容易陷入“为了开会而开会”的困境，打断深度工作。<br>2. **话语权不均**：外向者可能主导讨论，内向者或新人可能因胆怯而沉默，导致信息遗漏。<br>3. **干扰频繁**：同事路过询问或临时打断会频繁中断工作流。 |
| **成本**<br>(Cost) | **优点：**<br>1. **员工端节省**：省去交通费、外出就餐费和通勤着装成本，提升个人可支配收入。<br>2. **企业端缩减**：大幅降低办公场地租金、水电费、清洁维护及办公设备购置成本。<br>3. **招聘范围扩大**：不受地理位置限制，可全球招聘人才，可能获得更具性价比的人力资源。<br><br>**缺点：**<br>1. **家庭基础设施投入**：员工需自购符合人体工学的桌椅、显示器、网络设备等，初期投入较高。<br>2. **隐性管理成本**：企业需投资额外的协作软件、网络安全工具，并投入时间培训远程管理技巧。<br>3. **家庭空间占用**：员工需在家中划分专门工作区，可能挤占生活空间。 | **优点：**<br>1. **基础设施由雇主承担**：员工无需自购专业办公设备，公司统一提供高性能电脑、软件许可等。<br>2. **无需家庭改造**：员工无需在家中投入资金建设独立办公环境，下班即可完全脱离工作。<br>3. **标准化支持**：IT支持、网络维护等由公司统一负责，个人无需操心技术故障。<br><br>**缺点：**<br>1. **高昂的固定成本**：企业需承担高额的办公室租金（尤其是一线城市）、物业费、水电及日常运营开支。<br>2. **员工隐性支出**：员工需承担通勤油费/车费、工作餐费用以及职业着装成本，实际税负可能更高。<br>3. **人才竞争局限**：受限于地理位置，难以吸引异地顶级人才，可能错失更优人选或需支付更高薪资以补偿通勤不便。 |

### 总结建议

*   **适合远程办公的场景**：任务独立性强、目标明确、以产出为导向的工作（如编程、写作、设计、数据分析）。
*   **适合办公室办公的场景**：需要高频即时沟通、创意头脑风暴、团队紧密协作或涉及敏感机密信息的工作（如初创期团队、销售策略制定、高层战略会议）。

许多现代企业倾向于采用**混合办公模式（Hybrid Work）**，结合两者的优势：例如每周2-3天在办公室进行团队协作和非正式交流，其余时间在家进行深度独立工作。","다음은 **생산성**, **소통**, **비용**이라는 세 가지 차원을 기준으로 원격 근무와 사무실 근무의 장단점을 상세히 비교한 분석입니다:

### 원격 근무 vs. 사무실 근무 비교표

| 비교 차원 | 원격 근무 (Remote Work) | 사무실 근무 (Office Work) |
| :--- | :--- | :--- |
| **생산성**<br>(Productivity) | **장점:**<br>1. **몰입 시간 증가**: 사무실의 소음, 잡담, 돌발적인 방해 요소가 줄어들어 직원들이 ‘플로우’ 상태에 더 쉽게 진입할 수 있습니다.<br>2. **높은 유연성**: 직원들은 자신의 생체 리듬에 맞춰 효율적인 업무 시간(예: 이른 아침이나 늦은 밤)을 정하고 리듬을 스스로 조절할 수 있습니다.<br>3. **통근 스트레스 해소**: 매일 반복되는 통근 시간이 사라져 에너지를 핵심 업무에 집중할 수 있습니다.<br><br>**단점:**<br>1. **가정 내 방해 요소**: 집안일, 자녀 돌봄, 가족들의 방해가 업무 흐름을 끊을 수 있습니다.<br>2. **경계선 모호함**: 업무 공간과 생활 공간이 겹치면서 과도한 업무나 ‘항상 온라인 상태’여야 한다는 압박감이 생길 수 있습니다.<br>3. **자기 주도성 의존**: 현장 감독이 없어 자기 통제력이 부족한 직원은 효율성이 떨어질 수 있습니다. | **장점:**<br>1. **명확한 구조**: 고정된 업무 시간과 장소는 규칙적인 업무 리듬을 형성하는 데 도움이 됩니다.<br>2. **즉각적인 협업**: 문제가 발생했을 때 즉시 대면으로 해결할 수 있어 피드백 대기 시간이 줄어듭니다.<br>3. **집중하기 좋은 환경**: 전용 사무 공간은 인체공학적으로 설계되어 있고 가정의 방해 요소로부터 물리적으로 격리되어 있습니다.<br><br>**단점:**<br>1. **통근으로 인한 손실**: 매일 교통수단에 소비되는 시간(보통 1~2시간)이 그대로 업무 시간에서 빠져나가게 됩니다.<br>2. **사무실 소음**: 개방형 사무실에서 발생하는 키보드 소리, 전화 소리, 동료들의 잡담이 집중력을 방해할 수 있습니다.<br>3. **비생산적 활동**: 회의 과다, 휴게실에서의 사교 활동 등이 상당한 업무 시간을 차지합니다. |
| **소통**<br>(Communication) | **장점:**<br>1. **문서 기록의 명확성**: 소통은 주로 이메일, 메신저, 문서를 통해 이루어져 문자 기록이 남으므로 추후 확인 및 책임 소재 파악이 용이합니다.<br>2. **비동기식 협업**: 서로 다른 시간대에 있는 팀원들이 각자의 리듬에 맞춰 소통할 수 있어 불필요한 실시간 회의가 줄어듭니다.<br>3. **내향적인 사람에게 유리**: 내성적인 직원들은 대중 앞에서 말하는 것보다 문자로 의견을 표현하는 것을 선호할 수 있습니다.<br><br>**단점:**<br>1. **비언어적 정보 부재**: 화상 통화로는 미세한 표정이나 신체 언어를 포착하기 어려워 어조나 감정을 오해할 가능성이 있습니다.<br>2. **정보 전달 지연**: 비동기식 소통으로 인해 피드백 주기가 길어져 복잡한 문제 해결 속도가 느려질 수 있습니다.<br>3. **사회적 고립감**: 복도에서의 잡담 같은 비공식적 소통이 부족해 팀의 결속력과 창의적 발상이 감소하고 직원들은 외로움을 느낄 수 있습니다. | **장점:**<br>1. **풍부한 비공식적 소통**: ‘카페테리아 문화’를 통해 관계가 형성되고, 애매한 문제를 빠르게 해결하며 창의성을 자극합니다.<br>2. **맥락이 온전함**: 대면 소통은 어조, 표정, 신체 언어를 포함해 오해를 줄여줍니다.<br>3. **강한 팀 결속력**: 물리적으로 함께 있음으로써 소속감과 집단 정체성이 강화되어 신입사원의 적응도 용이해집니다.<br><br>**단점:**<br>1. **회의 과다**: ‘회의를 위한 회의’에 빠지기 쉬워 깊은 업무에 방해가 됩니다.<br>2. **발언권 불균형**: 외향적인 사람이 대화를 주도하는 반면, 내성적인 사람이나 신입사원은 위축되어 침묵할 수 있어 정보 누락이 발생합니다.<br>3. **빈번한 방해**: 동료들이 지나가다 물어보거나 임의로 말을 걸어 업무 흐름이 자주 끊깁니다. |
| **비용**<br>(Cost) | **장점:**<br>1. **직원측 절감 효과**: 교통비, 외식비, 출근용 복장 비용이 사라져 개인 가처분 소득이 증가합니다.<br>2. **기업측 비용 절감**: 사무실 임대료, 공과금, 청소 유지비, 사무용품 구매비를 크게 줄일 수 있습니다.<br>3. **채용 범위 확대**: 지리적 제한 없이 전 세계에서 인재를 채용할 수 있어 비용 대비 효율적인 인력을 확보할 가능성이 높습니다.<br><br>**단점:**<br>1. **가정 내 인프라 투자**: 직원들은 인체공학적 책상, 모니터, 네트워크 장비 등을 직접 구매해야 하므로 초기 비용이 상당합니다.<br>2. **숨겨진 관리 비용**: 기업은 추가 협업 소프트웨어, 사이버 보안 도구에 투자하고 원격 관리 기법을 교육하는 데 시간을 투자해야 합니다.<br>3. **생활 공간 점유**: 가정 내에 전용 업무 공간을 마련해야 하므로 생활 공간이 좁아질 수 있습니다. | **장점:**<br>1. **기업이 인프라 부담**: 직원들은 전문 사무용 기기를 직접 구매할 필요가 없으며, 회사가 고성능 PC, 소프트웨어 라이선스 등을 일괄 제공합니다.<br>2. **가정 개조 불필요**: 집에서 별도의 업무 공간을 만들 필요가 없어 퇴근 후에는 완전히 업무에서 벗어날 수 있습니다.<br>3. **표준화된 지원**: IT 지원, 네트워크 유지보수 등은 회사에서 담당하므로 개인이 기술적 문제를 걱정할 필요가 없습니다.<br><br>**단점:**<br>1. **높은 고정 비용**: 기업은 높은 사무실 임대료(특히 1선 도시), 관리비, 공과금, 일상 운영비를 부담해야 합니다.<br>2. **직원측 숨은 비용**: 교통비/유류비, 근무용 식사비, 업무용 복장 비용을 직접 부담해야 하므로 실제 세금 부담이 더 클 수 있습니다.<br>3. **인재 확보의 한계**: 지리적 제한으로 인해 외지의 우수 인재를 영입하기 어려워 더 나은 인재를 놓치거나 통근 불편함을 보상하기 위해 더 높은 급여를 지불해야 할 수 있습니다. |

### 요약 및 제언

*   **원격 근무에 적합한 상황**: 독립성이 강하고 목표가 명확하며 결과물 중심의 업무 (예: 프로그래밍, 글쓰기, 디자인, 데이터 분석).
*   **사무실 근무에 적합한 상황**: 빈번한 실시간 소통, 창의적 브레인스토밍, 팀 간 긴밀한 협업이 필요하거나 기밀 정보가 다루어지는 업무 (예: 초기 스타트업 팀, 영업 전략 수립, 최고 경영진 전략 회의).

많은 현대 기업들은 두 방식의 장점을 결합한 **하이브리드 근무 모델**을 채택하는 추세입니다. 예컨대 주 2~3일은 사무실에서 팀 협업 및 비공식적 소통을 하고, 나머지 시간은 집에서 깊이 있는 개별 업무를 수행하는 식입니다.",23.5593,67.3005,1123,3440,2317,,,,
structured_comparison,구조화 비교,3,"재택근무와 사무실 근무의 장단점을 생산성, 소통, 비용이라는 세 기준으로 비교해서 마크다운 표로 작성해줘.","Compare the pros and cons of working from home and working in an office based on three criteria: productivity, communication, and cost. Present the results in a Markdown table.","Here is a comparison of working from home (WFH) versus working in an office, broken down by productivity, communication, and cost.

| Criterion | Working from Home (WFH) | Working in an Office |
| :--- | :--- | :--- |
| **Productivity** | **Pros:**<br>• Fewer distractions from interruptions (e.g., impromptu meetings, chit-chat).<br>• Flexible scheduling allows work during personal peak energy hours.<br>• No commute time, freeing up 1–2+ hours for deep work or rest.<br><br>**Cons:**<br>• Home environment may lack structure, leading to procrastination.<br>• Difficulty separating “work” from “life,” potentially causing overwork or burnout.<br>• Lack of immediate peer accountability can reduce output for self-motivated individuals. | **Pros:**<br>• Structured environment with set hours and clear boundaries between work and home life.<br>• Immediate access to colleagues for quick problem-solving, which can speed up complex tasks.<br>• Professional infrastructure (reliable internet, quiet zones) ensures consistent workflow.<br><br>**Cons:**<br>• Frequent interruptions (open-plan noise, meetings) can break focus and reduce deep work time.<br>• Commute time is non-productive, reducing total available working hours.<br>• Office politics or social pressure can detract from individual task completion. |
| **Communication** | **Pros:**<br>• Asynchronous communication (email, shared docs) allows for thoughtful, documented responses.<br>• Reduced noise pollution can lead to clearer voice/video calls.<br><br>**Cons:**<br>• Lack of spontaneous “watercooler” conversations reduces informal knowledge sharing.<br>• Delayed response times in synchronous channels (chat, video) can slow decision-making.<br>• Harder to read non-verbal cues or build strong interpersonal rapport. | **Pros:**<br>• Face-to-face interaction facilitates richer, faster communication and stronger team bonding.<br>• Spontaneous collaboration can lead to quicker idea generation and problem-solving.<br>• Easier to read body language and emotional context.<br><br>**Cons:**<br>• Open offices can be noisy, making verbal communication difficult.<br>• Information may get lost in large group discussions without clear documentation.<br>• Less flexibility for employees to engage with colleagues outside of scheduled meetings. |
| **Cost** | **Pros:**<br>• **For Employees:** Saves significant money on commuting (gas, parking, public transit), work attire, and lunch.<br>• **For Employers:** Reduced real estate costs (smaller office space), utilities, and on-site amenities.<br><br>**Cons:**<br>• **For Employees:** Potential out-of-pocket expenses for home office setup (ergonomic chair, monitor, high-speed internet).<br>• **For Employers:** Higher costs for robust IT security, collaboration software licenses, and potential productivity monitoring tools. | **Pros:**<br>• **For Employees:** All equipment, internet, utilities, and meals are typically provided by the employer.<br>• **For Employers:** Centralized management of infrastructure and security is easier to scale and audit.<br><br>**Cons:**<br>• **For Employees:** Hidden costs of commuting, daily meals, and professional wardrobe.<br>• **For Employers:** High fixed costs for office space (rent, maintenance, utilities), which are less flexible during demand fluctuations. |

### Key Takeaway
*   **Choose WFH** if your role is independent, task-based, and benefits from deep focus, and if you are self-disciplined.
*   **Choose Office** if your role is collaborative, requires frequent real-time feedback, or if you struggle with self-management and need external structure.

Many organizations now adopt **hybrid models** to balance these pros and cons, allowing flexibility while maintaining team cohesion.","다음은 생산성, 의사소통, 비용 측면에서 재택근무와 사무실 근무를 비교한 내용입니다.

| 기준 | 재택근무 (WFH) | 사무실 근무 |
| :--- | :--- | :--- |
| **생산성** | **장점:**<br>• 돌발적인 회의나 잡담 등으로 인한 방해 요소가 적음.<br>• 유연한 스케줄을 통해 본인의 최적의 컨디션일 때 일할 수 있음.<br>• 통근 시간이 없어 1~2시간 이상을 깊은 집중이 필요한 업무나 휴식에 활용 가능.<br><br>**단점:**<br>• 가정 환경에는 구조가 부족해 업무 지연이 발생할 수 있음.<br>• ‘일’과 ‘삶’의 경계가 모호해져 과로나 번아웃으로 이어질 위험이 있음.<br>• 동료들의 즉각적인 감시가 없어 스스로 동기부여가 필요한 사람에게는 생산성이 저하될 수 있음. | **장점:**<br>• 정해진 근무 시간과 명확한 업무·가정 생활의 경계가 있는 구조화된 환경.<br>• 동료들과 즉시 소통 가능해 복잡한 문제도 빠르게 해결할 수 있음.<br>• 안정적인 인터넷과 조용한 작업 공간 등 전문적인 인프라가 업무 흐름을 보장함.<br><br>**단점:**<br>• 개방형 사무실에서의 소음이나 회의로 인해 집중력이 흐트러지고 깊은 작업 시간이 줄어들 수 있음.<br>• 통근 시간은 비생산적이어서 실제 근무 시간이 감소함.<br>• 사내 정치나 사회적 압력으로 인해 개인 업무 수행에 방해가 될 수 있음. |
| **의사소통** | **장점:**<br>• 이메일이나 공동 문서 작업과 같은 비동기식 소통 덕분에 신중하고 기록된 형태의 응답이 가능함.<br>• 소음이 적어 음성/영상 통화의 품질이 향상됨.<br><br>**단점:**<br>• 즉석에서 이뤄지는 자유로운 대화가 부족해 비공식적인 지식 공유가 어려움.<br>• 채팅이나 영상 통화와 같은 동기식 채널에서 응답 지연으로 의사결정 속도가 느려질 수 있음.<br>• 비언어적 신호를 파악하거나 강한 인간관계를 형성하기가 어려움. | **장점:**<br>• 대면 소통을 통해 더 풍부하고 빠른 의사소통이 가능하며 팀 결속력도 강화됨.<br>• 자발적인 협업을 통해 아이디어가 빠르게 나오고 문제 해결도 용이함.<br>• 상대방의 표정과 감정적 맥락을 쉽게 파악할 수 있음.<br><br>**단점:**<br>• 개방형 사무실에서는 소음이 심해 구두 소통이 어려울 수 있음.<br>• 명확한 기록 없이 대규모 그룹 토론이 이뤄질 경우 정보가 소실될 위험이 있음.<br>• 정해진 회의 시간 외에 동료와 소통할 수 있는 유연성이 부족함. |
| **비용** | **장점:**<br>• **직원 입장:** 통근비(휘발유, 주차비, 대중교통비), 업무용 의류, 점심값 절약 가능.<br>• **고용주 입장:** 사무실 면적 축소, 공공요금 절감 및 사내 편의시설 비용 감소.<br><br>**단점:**<br>• **직원 입장:** 인체공학적 의자, 모니터, 초고속 인터넷 등 재택근무 환경 구축을 위한 개인 부담 비용 발생 가능.<br>• **고용주 입장:** 강력한 정보보안 체계, 협업 소프트웨어 라이선스 및 생산성 모니터링 도구 도",请以生产力、沟通和成本这三个标准来比较居家办公和办公室办公的优缺点，并用Markdown表格的形式呈现出来。,"以下是基于**生产力**、**沟通**和**成本**三个维度，对居家办公（WFH）与办公室办公（OFO）的详细对比分析：

### 居家办公 vs. 办公室办公 对比表

| 维度 | 居家办公 (WFH) | 办公室办公 (OFO) |
| :--- | :--- | :--- |
| **生产力**<br>(Productivity) | **✅ 优势：**<br>1. **深度专注**：减少办公室噪音和视觉干扰，适合需要长时间集中注意力的任务。<br>2. **灵活时间**：员工可避开通勤高峰，利用个人高效时段工作。<br>3. **减少中断**：无“即时响应”压力，可自主安排工作节奏。<br><br>**❌ 劣势：**<br>1. **环境干扰**：家庭琐事、家务或儿童照顾可能打断工作。<br>2. **缺乏结构**：部分员工自律性不足，易导致拖延或过度工作。<br>3. **设备局限**：家庭网络稳定性、人体工学设备可能不如办公室专业。 | **✅ 优势：**<br>1. **结构化环境**：固定的工作时间和空间有助于建立清晰的工作/生活界限。<br>2. **即时协作**：面对面交流可快速解决复杂问题，提升团队整体效率。<br>3. **专业资源**：稳定的高速网络、高性能电脑及舒适的人体工学环境。<br><br>**❌ 劣势：**<br>1. **频繁中断**：开放式办公区的噪音、随意走动和临时会议会打断深度工作。<br>2. **通勤损耗**：每天花费在通勤上的时间和精力是隐性的生产力损失。<br>3. **办公政治**：近距离接触可能增加办公室政治和内耗。 |
| **沟通**<br>(Communication) | **✅ 优势：**<br>1. **记录可追溯**：多数沟通转为文字（邮件/IM），便于存档和后续查找。<br>2. **异步协作**：允许不同时间区的员工按各自节奏响应，减少等待。<br>3. **内向者友好**：性格内向或社交焦虑的员工在远程环境中更舒适。<br><br>**❌ 劣势：**<br>1. **非语言信息缺失**：难以捕捉语调、表情和肢体语言，易产生误解。<br>2. **创新受阻**：缺乏“走廊碰撞”式的随机交流，阻碍跨部门创新和灵感迸发。<br>3. **团队凝聚力**：长期隔离可能导致员工归属感下降和孤立感。 | **✅ 优势：**<br>1. **非语言交流**：面对面沟通能传递丰富的情感色彩，增强信任和理解。<br>2. **快速同步**：白板讨论、即时反馈和头脑风暴效率极高，适合创意工作。<br>3. **文化塑造**：共同空间有助于强化团队认同感、导师制培养和企业文化传递。<br><br>**❌ 劣势：**<br>1. **会议泛滥**：容易陷入无效会议，占用大量工作时间。<br>2. **沟通噪音**：开放式办公导致背景嘈杂，影响专注力。<br>3. **信息不对称**：新人或边缘员工可能因不在核心圈子而难以获取关键信息。 |
| **成本**<br>(Cost) | **✅ 优势：**<br>1. **企业节省**：大幅降低租金、水电、物业及办公耗材等固定开销。<br>2. **扩大人才池**：可招聘全球优秀人才，不受地理位置限制，可能降低薪资地域溢价。<br>3. **员工节省**：无需支付通勤费、午餐外食费及职业着装成本。<br><br>**❌ 劣势：**<br>1. **员工隐性负担**：家庭网络、电费、取暖/空调及家居改造成本由员工承担。<br>2. **设备重复投入**：企业需为每位远程员工配备高性能电脑和外设，初期IT支出增加。<br>3. **管理成本**：需引入昂贵的远程协作工具（Zoom, Slack, Jira等）及加强IT安全投入。 | **✅ 优势：**<br>1. **共享资源**：办公室基础设施（打印机、会议室、厨房）由多人分摊，人均成本低。<br>2. **IT集中管理**：IT部门可统一维护设备和网络安全，降低分散管理的复杂度。<br>3. **无家庭干扰成本**：员工无需承担因工作侵占家庭生活空间而产生的心理或环境成本。<br><br>**❌ 劣势：**<br>1. **高昂固定支出**：商业租赁租金、物业管理费、水电空调费是巨大的持续开销。<br>2. **通勤成本**：员工个人承担交通、停车和时间成本，若企业不提供补贴则影响满意度。<br>3. **空间","다음은 **생산성**, **소통**, **비용**이라는 세 가지 차원에 기반하여 재택근무(WFH)와 사무실 근무(OFO)를 상세히 비교한 분석입니다:

### 재택근무 vs. 사무실 근무 비교표

| 차원 | 재택근무 (WFH) | 사무실 근무 (OFO) |
| :--- | :--- | :--- |
| **생산성**<br>(Productivity) | **✅ 장점:**<br>1. **집중력 향상**: 사무실의 소음 및 시각적 방해 요소가 적어 장시간 집중이 필요한 업무에 적합합니다.<br>2. **유연한 시간 활용**: 직원들은 출퇴근 혼잡 시간을 피하고 자신이 가장 효율적인 시간대에 일할 수 있습니다.<br>3. **방해 요소 감소**: “즉각적인 응답”에 대한 압박이 없어 스스로 업무 리듬을 조절할 수 있습니다.<br><br>**❌ 단점:**<br>1. **환경적 방해**: 가사일, 집안일 또는 자녀 돌봄 등이 업무를 방해할 수 있습니다.<br>2. **자기 관리 필요**: 자기 통제력이 부족한 직원들은 업무 지연이나 과로로 이어질 수 있습니다.<br>3. **장비 제한**: 가정용 인터넷의 안정성이나 인체공학적 장비가 사무실 수준만큼 전문적이지 않을 수 있습니다. | **✅ 장점:**<br>1. **구조화된 환경**: 정해진 근무 시간과 공간 덕분에 업무와 생활의 경계가 명확해집니다.<br>2. **즉각적인 협업**: 대면 소통을 통해 복잡한 문제를 신속히 해결하고 팀 전체의 효율성을 높일 수 있습니다.<br>3. **전문적인 자원**: 안정적인 고속 인터넷, 고성능 컴퓨터 및 쾌적한 인체공학적 환경을 갖추고 있습니다.<br><br>**❌ 단점:**<br>1. **빈번한 방해**: 개방형 사무실의 소음, 자유로운 이동 및 급작스러운 회의들이 깊은 집중을 방해합니다.<br>2. **출퇴근으로 인한 손실**: 매일 출퇴근에 들이는 시간과 에너지는 보이지 않는 생산성 손실입니다.<br>3. **사무실 정치**: 밀접한 접촉은 사무실 내 정치적 갈등과 내부 갈등을 증폭시킬 수 있습니다. |
| **소통**<br>(Communication) | **✅ 장점:**<br>1. **기록 및 추적 용이**: 대부분의 소통이 문서 형태(이메일/메신저)로 이뤄져 보관 및 검색이 쉽습니다.<br>2. **비동기 협업**: 서로 다른 시간대에 있는 직원들도 각자의 리듬에 맞춰 응답할 수 있어 대기 시간이 줄어듭니다.<br>3. **내향적인 사람에게 유리**: 내성적이거나 사회적 불안감이 있는 직원들은 원격 환경에서 더 편안함을 느낍니다.<br><br>**❌ 단점:**<br>1. **비언어적 정보 부족**: 어조, 표정, 신체 언어를 파악하기 어려워 오해가 생기기 쉽습니다.<br>2. **혁신의 저해**: 우연한 대화가 부족해 부서 간 혁신이나 아이디어 교류가 어려워집니다.<br>3. **팀 결속력 저하**: 장기간 고립되면 소속감과 유대감이 약화될 수 있습니다. | **✅ 장점:**<br>1. **비언어적 소통**: 대면 소통을 통해 풍부한 감정을 전달하여 신뢰와 이해를 높일 수 있습니다.<br>2. **신속한 동기화**: 화이트보드 토론, 즉각적인 피드백, 브레인스토밍이",41.2531,47.4245,1533,1567,34,,,,
structured_comparison,구조화 비교,4,"재택근무와 사무실 근무의 장단점을 생산성, 소통, 비용이라는 세 기준으로 비교해서 마크다운 표로 작성해줘.","Compare the pros and cons of remote work and office work using three criteria: productivity, communication, and cost. Present the results in a Markdown table.","Here is a comparison of remote work and office work based on the three specified criteria:

| Criteria | Remote Work | Office Work |
| :--- | :--- | :--- |
| **Productivity** | **Pros:**<br>• Fewer interruptions (no casual conversations, meetings).<br>• Flexible scheduling allows work during personal peak energy times.<br>• No commuting time, freeing up hours for actual work.<br><br>**Cons:**<br>• Potential for distractions at home (family, chores, pets).<br>• Blurred boundaries between work and personal life can lead to burnout or ""always-on"" culture.<br>• Lack of structured environment may reduce focus for some individuals. | **Pros:**<br>• Structured environment with designated workspaces and schedules.<br>• Clear separation between work hours and personal time.<br>• Easier for managers to monitor progress and provide immediate support. |
| **Communication** | **Pros:**<br>• Documentation culture: Async communication (email, chat) creates a searchable record of decisions.<br>• Reduced noise and interruptions allow for deeper focus during individual tasks. | **Pros:**<br>• Immediate, face-to-face interaction facilitates quick problem-solving and complex discussions.<br>• Stronger team bonding and informal networking (""water cooler"" moments).<br>• Non-verbal cues are easier to read, improving empathy and relationship building. |
| **Cost** | **Pros:**<br>• **For Employees:** Saves money on commuting, professional attire, and daily meals out.<br>• **For Employers:** Significant savings on real estate, utilities, and office supplies. | **Pros:**<br>• **For Employees:** No need to create a dedicated, ergonomic home office setup.<br>• **For Employers:** Lower risk of data breaches in unsecured home networks; centralized IT and security management. |","다음은 지정된 세 가지 기준에 근거한 원격 근무와 사무실 근무의 비교입니다:

| 기준 | 원격 근무 | 사무실 근무 |
| :--- | :--- | :--- |
| **생산성** | **장점:**<br>• 딴짓거리나 회의 같은 방해 요소가 적음.<br>• 유연한 스케줄 덕분에 개인의 활동량이 가장 많은 시간대에 일할 수 있음.<br>• 통근 시간이 없어 실제 업무에 할애할 수 있는 시간이 늘어남.<br><br>**단점:**<br>• 집에서 가족, 집안일, 반려동물 등으로 인해 주의가 산만해질 수 있음.<br>• 업무와 사생활의 경계가 모호해져 번아웃이나 “항상 대기 상태” 문화가 생길 수 있음.<br>• 구조화된 환경이 부족해 일부 사람들은 집중력이 떨어질 수 있음. | **장점:**<br>• 정해진 업무 공간과 스케줄이 있는 구조화된 환경.<br>• 근무 시간과 개인 시간이 명확히 구분됨.<br>• 관리자가 직원들의 진행 상황을 쉽게 모니터링하고 즉각적인 지원을 제공할 수 있음. |
| **커뮤니케이션** | **장점:**<br>• 문서화 문화: 비동기식 커뮤니케이션(이메일, 채팅)을 통해 의사결정 내용이 기록되어 나중에 쉽게 검색 가능함.<br>• 방해 요소가 줄어들어 개별 업무에 더 깊이 집중할 수 있음. | **장점:**<br>• 즉각적이고 대면적인 상호작용을 통해 문제를 신속히 해결하고 복잡한 논의가 가능함.<br>• 팀원 간 유대감이 강화되고 비공식적인 네트워킹 기회도 늘어남.<br>• 비언어적 신호를 더 쉽게 읽을 수 있어 공감대 형성과 관계 구축에 유리함. |
| **비용** | **장점:**<br>• **직원 입장:** 통근 비용, 전문적인 복장, 외식 비용을 절약할 수 있음.<br>• **고용주 입장:** 사무실 임대료, 공공요금, 사무용품 구매 비용을 크게 절감할 수 있음. | **장점:**<br>• **직원 입장:** 별도로 인체공학적인 홈오피스 환경을 꾸밀 필요가 없음.<br>• **고용주 입장:** 보안이 취약한 가정용 네트워크에서 발생할 수 있는 데이터 유출 위험이 적으며, IT 및 보안 관리를 중앙에서 관리할 수 있음. |",请以生产力、沟通和成本这三个标准，对比远程办公和办公室办公的优缺点，并用Markdown表格的形式呈现出来。,"以下是基于**生产力**、**沟通**和**成本**三个核心维度，对远程办公与办公室办公进行的详细对比分析：

### 远程办公 vs. 办公室办公 对比表

| 评估维度 | 远程办公 (Remote Work) | 办公室办公 (Office Work) |
| :--- | :--- | :--- |
| **1. 生产力**<br>(Productivity) | **✅ 优点：**<br>• **深度工作环境**：减少办公室噪音和干扰，有利于需要高度专注的任务。<br>• **时间灵活性**：员工可避开通勤高峰，将精力集中在高效时段（如清晨或深夜）。<br>• **自主管理**：适合自我驱动力强、擅长时间管理的员工，往往能产生更高的个人产出。<br><br>**❌ 缺点：**<br>• **生活工作界限模糊**：容易因家庭琐事（如家务、育儿）打断工作，导致效率波动。<br>• **缺乏监督与节奏**：部分员工可能因缺乏外部约束而拖延，或陷入过度工作（Burnout）。<br>• **协作摩擦成本**：异步沟通可能导致任务等待时间增加，影响整体项目流转速度。 | **✅ 优点：**<br>• **即时反馈**：遇到问题可立刻面对面解决，减少等待时间。<br>• **统一节奏**：固定的工作时间和环境有助于建立稳定的工作习惯和团队同步感。<br>• **专注度保障**：物理隔离了家庭干扰，确保工作时间完全用于工作。<br><br>**❌ 缺点：**<br>• **通勤损耗**：每天往返办公室的时间是纯粹的生产力损失（通常占工作日的10%-20%）。<br>• **开放式办公干扰**：噪音、随意走动和会议打断频繁，难以进行深度思考。<br>• **环境同质化**：固定的物理空间可能限制部分员工寻找最适合自己工作状态的方式。 |
| **2. 沟通**<br>(Communication) | **✅ 优点：**<br>• **非语言线索减少**：强制要求使用更结构化、清晰的书面沟通，有助于明确指令。<br>• **记录可追溯**：数字化沟通（邮件、IM）自动留下痕迹，减少“谁说了什么”的推诿。<br>• **异步包容性**：允许不同时间区或不同作息的员工按自己的节奏回应，减少会议压力。<br><br>**❌ 缺点：**<br>• **缺乏非语言信号**：无法捕捉微表情、语气语调，容易产生误解或显得冷漠。<br>• **隐性知识传递难**：新手难以通过“观察”老员工工作来学习，缺乏潜移默化的指导。<br>• **信息孤岛风险**：过度依赖私聊或小群，可能导致团队内部信息不透明、协作碎片化。 | **✅ 优点：**<br>• **非语言沟通丰富**：眼神交流、肢体语言和即时语气反馈能极大提升沟通的准确性和情感连接。<br>• **即兴协作高效**：轻松的非正式交流（如茶水间闲聊）往往能激发创意和快速解决问题。<br>• **团队凝聚力**：共同物理空间有助于建立更强的归属感和信任感，促进隐性知识共享。<br><br>**❌ 缺点：**<br>• **会议泛滥**：容易陷入“为了开会而开会”的陷阱，大量时间被低效会议占据。<br>• **社交压力**：内向型员工可能在开放式环境中感到焦虑，难以获得安静思考的空间。<br>• **信息过载**：频繁的即时打断可能打断心流状态，导致注意力碎片化。 |
| **3. 成本**<br>(Cost) | **✅ 优点：**<br>• **降低企业固定成本**：大幅减少办公室租金、水电、物业管理和办公设备维护费用。<br>• **降低员工隐性成本**：节省通勤交通费、午餐费及职业着装费用，提升员工实际可支配收入。<br>• **人才获取半径扩大**：不受地理位置限制，可招聘全球优秀人才，可能降低特定地区的高薪招聘压力。<br><br>**❌ 缺点：**<br>• **员工家庭成本**：部分员工需自行承担网络升级、人体工学设备（如椅子、显示器）和安静工作空间的费用。<br>• **技术投入成本**：企业需投资更强大的协作软件、网络安全系统和云基础设施。<br>• **管理复杂度成本**：需要投入更多资源用于远程团队文化建设、绩效监控工具和管理培训。 | **✅ 优点：**<br>• **基础设施集中管理**：办公设施、IT设备和行政支持由雇主统一提供，员工无需额外投入。<br>• **直接监督简化**：传统的现场管理方式成熟，无需额外开发复杂的远程监控工具。<br>• **本地化便利**：通常位于商业区，","다음은 **생산성**, **소통**, **비용**이라는 세 가지 핵심 요소를 기준으로 원격 근무와 사무실 근무를 상세히 비교 분석한 내용입니다:

### 원격 근무 vs. 사무실 근무 비교표

| 평가 기준 | 원격 근무 (Remote Work) | 사무실 근무 (Office Work) |
| :--- | :--- | :--- |
| **1. 생산성**<br>(Productivity) | **✅ 장점:**<br>• **몰입하기 좋은 환경**: 사무실의 소음과 방해 요소가 적어, 집중력이 필요한 업무에 유리합니다.<br>• **시간의 유연성**: 출퇴근 시간을 피할 수 있어, 업무 효율이 높은 시간대(예: 새벽이나 심야)에 집중할 수 있습니다.<br>• **자기 주도적 관리**: 자기 동기부여가 강하고 시간 관리에 능한 직원에게 적합하며, 개인의 생산성 향상으로 이어지기도 합니다.<br><br>**❌ 단점:**<br>• **업무와 사생활의 경계 흐림**: 가사나 육아 등 가정 내 일들로 인해 업무가 자주 방해받아 효율성이 불균형해질 수 있습니다.<br>• **감독 및 리듬 부족**: 외부적 제약이 없으면 미루는 습관이 생기거나 과로(Burnout)에 빠질 위험이 있습니다.<br>• **협업 관련 비용 발생**: 비동기식 소통으로 인해 업무 대기 시간이 길어져 전체 프로젝트 진행 속도가 느려질 수 있습니다. | **✅ 장점:**<br>• **즉각적인 피드백**: 문제가 생기면 바로 대면으로 해결하여 기다리는 시간을 줄일 수 있습니다.<br>• **규칙적인 리듬**: 고정된 근무 시간과 환경 덕분에 안정적인 업무 습관과 팀 전체의 동기화가 가능합니다.<br>• **집중도 보장**: 물리적으로 가정과 분리되어 업무 시간에만 집중할 수 있습니다.<br><br>**❌ 단점:**<br>• **출퇴근에 따른 손실**: 매일 사무실을 오가는 시간은 순수한 생산성 손실입니다 (보통 근무일의 10~20%를 차지합니다).<br>• **오픈 오피스의 방해 요소**: 소음, 자유로운 이동, 회의 등으로 인해 깊이 있는 사고가 어렵습니다.<br>• **환경의 획일성**: 고정된 물리적 공간은 일부 직원이 자신에게 가장 적합한 업무 방식을 찾는 데 제약이 될 수 있습니다. |
| **2. 소통**<br>(Communication) | **✅ 장점:**<br>• **비언어적 단서 감소**: 구조적이고 명확한 서면 소통이 강제되어 지시 사항이 명확해집니다.<br>• **기록의 보존**: 이메일, 메신저 등 디지털 소통은 기록으로 남아 “누가 무슨 말을 했는가”에 대한 책임 논란을 줄여줍니다.<br>• **비동기적 포용성**: 서로 다른 시간대나 생활 패턴을 가진 직원들도 각자의 리듬에 맞춰 응답할 수 있어 회의 부담이 줄어듭니다.<br><br>**❌ 단점:**<br>• **비언어적 신호 부족**: 미세한 표정이나 어조를 파악하기 어려워 오해가 생기거나 냉담하게 보일 수 있습니다.<br>• **암묵적 지식 전달의 어려움**: 신입 직원이 선배들의 업무 방식을 관찰만으로 배우기 어려워 간접적인 지도가 부족합니다.<br>• **정보의 단절 위험**: 개인 채팅이나 소규모 그룹에만 의존할 경우 팀 내 정보 비대칭과 협업 단절이 발생할 수 있습니다. | **✅ 장점:**<br>• **다양한 비언어적 소통**: 눈빛, 몸짓, 즉각적인 어",21.9354,47.2669,1053,1647,594,,,,
creative_constraints,창작 및 제약 준수,1,비 오는 부산역을 배경으로 한 미스터리 소설의 첫 장면을 150자 이내로 써줘. 대사 한 줄과 빨간 우산을 반드시 포함해줘.,"Write the first scene of a mystery novel set at Busan Station on a rainy day, within 150 characters. Be sure to include one line of dialogue and a red umbrella.","Rain lashed Busan Station. A red umbrella bloomed by the exit. ""Who is he?"" I whispered, hiding my fear.",비가 부산역에 쏟아졌다. 출구 근처에서 붉은 우산이 활짝 피어났다. “저 사람은 누구지?” 두려움을 감추며 나는 속삭였다.,请以下雨的釜山站为背景，写下这部悬疑小说的开头部分，字数控制在150字以内。务必包含一句对话以及一把红色雨伞。,釜山的雨像断了线的珠子，砸在站台的积水上。我握紧那把鲜红的雨伞，看着对面站台那个穿黑风衣的男人消失在雨幕中。他似乎没看见我，但我记得我们曾在电话里交谈过。“别回头，一直走。”他冰冷的声音还在耳边回荡。我颤抖着拨通他的号码，却只听到忙音，雨水顺着伞骨滴落，打湿了手中的半张车票。,"부산의 빗방울들은 끊어진 실꾸리처럼 승강장에 고인 물 위로 떨어졌다. 나는 선명한 붉은색 우산을 꽉 쥔 채, 맞은편 승강장에서 검은색 트렌치코트를 입은 남자가 비속으로 사라지는 것을 바라보았다. 그는 나를 보지 못한 것 같았지만, 우리는 전화로 대화한 적이 있다는 것을 기억했다. “뒤돌아보지 말고 계속 걸어.” 그의 차가운 목소리가 여전히 귓가에 맴돌았다. 몸을 떨며 그의 번호를 눌렀지만, 오직 통화 중 신호만 들릴 뿐이었다. 빗물이 우산 살대를 타고 떨어져 손에 들린 기차표의 절반을 적셨다.",3.2206,6.829,68,278,210,,,,
creative_constraints,창작 및 제약 준수,2,비 오는 부산역을 배경으로 한 미스터리 소설의 첫 장면을 150자 이내로 써줘. 대사 한 줄과 빨간 우산을 반드시 포함해줘.,"Write the first scene of a mystery novel set at Busan Station during the rain, within 150 characters. Be sure to include one line of dialogue and a red umbrella.","Rain slicked the platform. A dead man held a red umbrella, whispering, ""They are coming for me.""",비에 플랫폼이 미끄러웠다. 죽은 남자가 빨간 우산을 쥔 채 속삭였다. “그들이 나를 데리러 오고 있어.”,请以下雨中的釜山站为背景，撰写一部悬疑小说的第一个场景，字数需控制在150字以内。务必包含一句对话以及一把红色的雨伞。,"暴雨如注，将釜山站的玻璃幕墙冲刷得模糊不清。霓虹灯在积水中晕开惨白的倒影，空气中弥漫着潮湿与铁锈的味道。人群匆匆掠过，直到那抹刺眼的红闯入视野——一把鲜红的雨伞孤零零地立在进站口中央，伞尖滴答作响。

“你终于来了。”守夜人低声说道，目光越过雨幕，死死盯着那把伞。","폭우가 쏟아져 부산역의 유리 외벽을 흐릿하게 씻어냈다. 네온사인이 고인 물속에 창백한 그림자를 번지게 했고, 공기 중엔 습기와 녹슨 철의 냄새가 가득했다. 사람들이 서둘러 지나가다가, 눈부신 붉은색 하나가 시야에 들어왔다—붉은색 우산 하나가 홀로 입구 한가운데에 서 있었고, 우산 끝에서는 물방울이 똑똑 떨어지고 있었다.

“드디어 왔구나.” 파수꾼이 낮은 목소리로 말했다. 그의 시선은 빗줄기를 넘어 그 우산을 뚫어지게 바라보고 있었다.",2.8755,6.5384,58,245,187,,,,
creative_constraints,창작 및 제약 준수,3,비 오는 부산역을 배경으로 한 미스터리 소설의 첫 장면을 150자 이내로 써줘. 대사 한 줄과 빨간 우산을 반드시 포함해줘.,"Write the first scene of a mystery novel set at Busan Station on a rainy day, within 150 characters. Be sure to include one line of dialogue and a red umbrella.","Rain slicked Busan Station. A man in a red umbrella whispered, ""He’s here.""",비가 부산역을 적셨다. 빨간 우산을 쓴 남자가 속삭였다. “그가 왔어.”,请以下雨的釜山站为背景，写一下这部悬疑小说的开头部分。字数需控制在150字以内。务必加入一句对话以及一把红色的雨伞。,雨幕如织，将釜山站笼罩在灰蓝色的冷调中。我握着那把鲜红的雨伞，伞尖滴落的水珠砸在大理石地面上，发出清脆的声响。身后传来急促的脚步声，一个熟悉的声音穿透雨噪：“你在找我吗？”我猛地转身，伞柄紧握，指节泛白。,"비가 장막처럼 내려 부산역을 회청색의 차가운 빛 속에 가두었다. 나는 선명한 붉은색 우산을 쥐고 있었는데, 우산 끝에서 떨어지는 물방울들이 대리석 바닥에 부딪히며 맑은 소리를 내고 있었다. 뒤에서 다급한 발걸음 소리가 들려왔고, 비소리를 뚫고 익숙한 목소리가 들려왔다. “나를 찾고 있었어?” 나는 홱 몸을 돌렸다. 우산 손잡이를 꽉 쥐자 손가락 마디가 하얗게 변했다.",2.6947,5.5877,40,206,166,,,,
creative_constraints,창작 및 제약 준수,4,비 오는 부산역을 배경으로 한 미스터리 소설의 첫 장면을 150자 이내로 써줘. 대사 한 줄과 빨간 우산을 반드시 포함해줘.,"Write the first scene of a mystery novel set at Busan Station during the rain, within 150 characters. Be sure to include one line of dialogue and a red umbrella.","Rain lashed Busan Station. A red umbrella clicked against wet pavement. ""You should have stayed home,"" the stranger whispered, eyes cold.","비가 부산역에 쏟아졌다. 붉은 우산이 젖은 보도 위에서 딱딱 소리를 냈다. “집에 있었어야 했는데,” 낯선 남자가 차가운 눈빛으로 속삭였다.",请以下雨的釜山站为背景，写一篇悬疑小说的开篇场景，字数控制在150字以内。务必包含一句对话以及一把红色的雨伞。,"釜山的雨下得像要淹没整个港口，灰暗的天色压得站台令人窒息。我盯着那个熟悉的身影，手里紧握着一把鲜红的雨伞，在茫茫雨幕中刺眼得如同伤口。

“你终于来了。”她轻声说道，声音被雨声切割得支离破碎。

我浑身一僵，因为三天前，我已经亲手将她葬在了深海之下。","부산의 비는 마치 항구 전체를 잠기게 할 듯 쏟아졌고, 흐릿한 하늘은 승강장을 숨 막히게 했다. 나는 그 익숙한 모습을 응시했다. 손에는 선명한 붉은색 우산을 꽉 쥐고 있었는데, 거대한 빗줄기 속에서 마치 상처처럼 눈부시게 빛났다.

“드디어 왔구나.” 그녀가 나지막이 말했지만, 그 목소리는 빗소리에 의해 산산이 갈라졌다.

나는 온몸이 굳어버렸다. 3일 전, 내 손으로 그녀를 깊은 바다 속에 묻어버렸기 때문이다.",3.1847,6.2157,78,233,155,,,,
code_generation,코드 생성,1,문자열 목록에서 빈 문자열을 제거하고 길이가 긴 순서로 정렬하는 Python 함수를 작성해줘. 타입 힌트와 간단한 사용 예제도 포함해줘.,Write a Python function that removes empty strings from a list of strings and sorts them by length in descending order. Include type hints and a simple usage example.,"```python
def clean_and_sort(strings: list[str]) -> list[str]:
    """"""
    Remove empty strings from the list and sort by length in descending order.

    Args:
        strings: A list of strings, potentially containing empty strings.

    Returns:
        A new list with non-empty strings sorted by length (longest first).
    """"""
    filtered = [s for s in strings if s]
    return sorted(filtered, key=len, reverse=True)


if __name__ == ""__main__"":
    example = [""banana"", """", ""fig"", ""apple"", """", ""cherry"", ""kiwi""]
    result = clean_and_sort(example)
    print(result)  # Output: ['banana', 'cherry', 'apple', 'kiwi', 'fig']
```","```python
def clean_and_sort(strings: list[str]) -> list[str]:
    """"""
    리스트에서 빈 문자열을 제거한 뒤, 문자열의 길이를 기준으로 내림차순으로 정렬합니다.

    매개변수:
        strings: 빈 문자열이 포함될 수 있는 문자열 리스트.

    반환값:
        비어있지 않은 문자열들로 구성된 새 리스트로, 길이가 긴 순서대로 정렬되어 있습니다.
    """"""
    filtered = [s for s in strings if s]
    return sorted(filtered, key=len, reverse=True)


if __name__ == ""__main__"":
    example = [""banana"", """", ""fig"", ""apple"", """", ""cherry"", ""kiwi""]
    result = clean_and_sort(example)
    print(result)  # 출력 결과: ['banana', 'cherry', 'apple', 'kiwi', 'fig']
```",请编写一个Python函数，该函数能够从字符串列表中移除空字符串，并按照长度从大到小进行排序。请包含类型提示以及简单的使用示例。,"```python
def filter_and_sort_strings(strings: list[str]) -> list[str]:
    """"""
    从字符串列表中移除空字符串，并按照长度从大到小排序。

    Args:
        strings: 包含字符串的列表，可能包含空字符串。

    Returns:
        过滤掉空字符串后，按长度从大到小排序的新列表。
    """"""
    filtered = [s for s in strings if s]
    return sorted(filtered, key=len, reverse=True)


if __name__ == ""__main__"":
    # 简单使用示例
    example = [""apple"", """", ""banana"", """", ""fig"", ""date"", """"]
    result = filter_and_sort_strings(example)
    print(result)  # 输出: ['banana', 'apple', 'date', 'fig']
```","```python
def filter_and_sort_strings(strings: list[str]) -> list[str]:
    """"""
    문자열 리스트에서 빈 문자열을 제거한 뒤, 길이가 큰 순서대로 정렬합니다.

    인수:
        strings: 문자열이 포함된 리스트로, 빈 문자열도 포함될 수 있습니다.

    반환값:
        빈 문자열을 제거한 뒤, 길이가 큰 순서대로 정렬된 새로운 리스트입니다.
    """"""
    filtered = [s for s in strings if s]
    return sorted(filtered, key=len, reverse=True)


if __name__ == ""__main__"":
    # 간단한 사용 예시
    example = [""apple"", """", ""banana"", """", ""fig"", ""date"", """"]
    result = filter_and_sort_strings(example)
    print(result)  # 출력: ['banana', 'apple', 'date', 'fig']
```",9.6033,9.6775,551,560,9,,,,
code_generation,코드 생성,2,문자열 목록에서 빈 문자열을 제거하고 길이가 긴 순서로 정렬하는 Python 함수를 작성해줘. 타입 힌트와 간단한 사용 예제도 포함해줘.,Write a Python function that removes empty strings from a list of strings and sorts them by length in descending order. Include type hints and a simple usage example.,"```python
def filter_and_sort_strings(strings: list[str]) -> list[str]:
    """"""
    Removes empty strings from a list and sorts the remaining strings
    by length in descending order.

    Args:
        strings: A list of strings.

    Returns:
        A new list with empty strings removed, sorted by length (longest first).
    """"""
    filtered = [s for s in strings if s]
    return sorted(filtered, key=len, reverse=True)


# Usage example
if __name__ == ""__main__"":
    sample_list = [""banana"", """", ""apple"", """", ""cherry"", ""fig"", """", ""date""]
    result = filter_and_sort_strings(sample_list)
    print(result)  # Output: ['banana', 'cherry', 'apple', 'date', 'fig']
```","```python
def filter_and_sort_strings(strings: list[str]) -> list[str]:
    """"""
    리스트에서 빈 문자열을 제거한 뒤, 남은 문자열들을 길이별로 내림차순 정렬합니다.

    매개변수:
        strings: 문자열들의 리스트.

    반환값:
        빈 문자열이 제거된 뒤 길이별로 정렬된 새로운 리스트.
    """"""
    filtered = [s for s in strings if s]
    return sorted(filtered, key=len, reverse=True)


# 사용 예시
if __name__ == ""__main__"":
    sample_list = [""banana"", """", ""apple"", """", ""cherry"", ""fig"", """", ""date""]
    result = filter_and_sort_strings(sample_list)
    print(result)  # 출력 결과: ['banana', 'cherry', 'apple', 'date', 'fig']
```",请编写一个Python函数，该函数能从字符串列表中移除空字符串，并按长度降序进行排序。请包含类型提示以及简单的使用示例。,"```python
from typing import List


def remove_empty_and_sort_desc(strings: List[str]) -> List[str]:
    """"""从字符串列表中移除空字符串，并按长度降序排序。

    Args:
        strings: 输入的字符串列表。

    Returns:
        移除空字符串后，按长度降序排列的新列表。
    """"""
    filtered = [s for s in strings if s]  # 移除空字符串（包括 ''）
    filtered.sort(key=len, reverse=True)
    return filtered


if __name__ == ""__main__"":
    sample = [""hello"", """", ""hi"", ""world"", """", ""a"", ""python""]
    result = remove_empty_and_sort_desc(sample)
    print(result)  # 输出: ['python', 'hello', 'world', 'hi', 'a']
```","```python
from typing import List


def remove_empty_and_sort_desc(strings: List[str]) -> List[str]:
    """"""문자열 리스트에서 빈 문자열을 제거한 뒤, 길이를 기준으로 내림차순으로 정렬합니다.

    Args:
        strings: 입력된 문자열 리스트.

    Returns:
        빈 문자열을 제거한 후, 길이를 기준으로 내림차순으로 정렬된 새로운 리스트.
    """"""
    filtered = [s for s in strings if s]  # 빈 문자열('' 포함) 제거
    filtered.sort(key=len, reverse=True)
    return filtered


if __name__ == ""__main__"":
    sample = [""hello"", """", ""hi"", ""world"", """", ""a"", ""python""]
    result = remove_empty_and_sort_desc(sample)
    print(result)  # 출력: ['python', 'hello', 'world', 'hi', 'a']
```",9.7526,10.1142,556,596,40,,,,
code_generation,코드 생성,3,문자열 목록에서 빈 문자열을 제거하고 길이가 긴 순서로 정렬하는 Python 함수를 작성해줘. 타입 힌트와 간단한 사용 예제도 포함해줘.,Write a Python function that removes empty strings from a list of strings and sorts them by length in descending order. Include type hints and a simple usage example.,"```python
def filter_and_sort_strings(strings: list[str]) -> list[str]:
    """"""
    Remove empty strings from a list and sort the remaining strings by length in descending order.
    
    Args:
        strings: A list of strings.
        
    Returns:
        A new list containing only non-empty strings, sorted by length in descending order.
    """"""
    filtered = [s for s in strings if s]
    return sorted(filtered, key=len, reverse=True)


if __name__ == ""__main__"":
    example = [""apple"", """", ""pie"", ""banana"", """", ""fig""]
    result = filter_and_sort_strings(example)
    print(result)  # Output: ['banana', 'apple', 'pie', 'fig']
```","```python
def filter_and_sort_strings(strings: list[str]) -> list[str]:
    """"""
    리스트에서 빈 문자열을 제거한 뒤, 남은 문자열들을 길이순으로 내림차순 정렬합니다.
    
    매개변수:
        strings: 문자열들이 들어있는 리스트.
        
    반환값:
        빈 문자열이 제거된 뒤 길이순으로 내림차순 정렬된 새로운 리스트.
    """"""
    filtered = [s for s in strings if s]
    return sorted(filtered, key=len, reverse=True)


if __name__ == ""__main__"":
    example = [""apple"", """", ""pie"", ""banana"", """", ""fig""]
    result = filter_and_sort_strings(example)
    print(result)  # 출력 결과: ['banana', 'apple', 'pie', 'fig']
```",请编写一个Python函数：该函数能从字符串列表中移除空字符串，并按长度从大到小的顺序进行排序。请同时添加类型提示以及简单的使用示例。,"```python
def remove_empty_and_sort(strings: list[str]) -> list[str]:
    """"""
    从字符串列表中移除空字符串，并按长度从大到小排序。

    Args:
        strings: 包含字符串的列表，可能包含空字符串。

    Returns:
        移除空字符串后按长度降序排列的新列表。
    """"""
    non_empty = [s for s in strings if len(s) > 0]
    return sorted(non_empty, key=len, reverse=True)


# 使用示例
if __name__ == ""__main__"":
    sample = [""apple"", """", ""fig"", ""banana"", """", ""kiwi"", ""date""]
    result = remove_empty_and_sort(sample)
    print(result)  # 输出: ['banana', 'apple', 'fig', 'kiwi', 'date']
```","```python
def remove_empty_and_sort(strings: list[str]) -> list[str]:
    """"""
    문자열 리스트에서 빈 문자열을 제거한 뒤, 길이가 긴 순서대로 정렬합니다.

    Args:
        strings: 문자열이 포함된 리스트로, 빈 문자열이 포함될 수도 있습니다.

    Returns:
        빈 문자열을 제거한 뒤 길이가 긴 순서대로 정렬된 새로운 리스트입니다.
    """"""
    non_empty = [s for s in strings if len(s) > 0]
    return sorted(non_empty, key=len, reverse=True)


# 사용 예시
if __name__ == ""__main__"":
    sample = [""apple"", """", ""fig"", ""banana"", """", ""kiwi"", ""date""]
    result = remove_empty_and_sort(sample)
    print(result)  # 출력: ['banana', 'apple', 'fig', 'kiwi', 'date']
```",9.1489,9.9634,538,575,37,,,,
code_generation,코드 생성,4,문자열 목록에서 빈 문자열을 제거하고 길이가 긴 순서로 정렬하는 Python 함수를 작성해줘. 타입 힌트와 간단한 사용 예제도 포함해줘.,Write a Python function that removes empty strings from a list of strings and sorts them by length in descending order. Include type hints and a simple usage example.,"```python
def filter_and_sort(strings: list[str]) -> list[str]:
    """"""
    Remove empty strings from a list and sort the remaining strings by length in descending order.

    Args:
        strings: A list of strings, which may include empty strings.

    Returns:
        A new list containing only non-empty strings, sorted by length in descending order.
    """"""
    filtered = [s for s in strings if s]
    return sorted(filtered, key=len, reverse=True)


if __name__ == ""__main__"":
    example_list = [""banana"", """", ""apple"", ""fig"", """", ""cherry"", ""date""]
    result = filter_and_sort(example_list)
    print(result)  # Output: ['banana', 'cherry', 'apple', 'date', 'fig']
```","```python
def filter_and_sort(strings: list[str]) -> list[str]:
    """"""
    리스트에서 빈 문자열을 제거한 후, 남은 문자열들을 길이에 따라 내림차순으로 정렬합니다.

    매개변수:
        strings: 빈 문자열을 포함할 수 있는 문자열 리스트.

    반환값:
        빈 문자열이 제거된 후 길이에 따라 내림차순으로 정렬된 새로운 리스트.
    """"""
    filtered = [s for s in strings if s]
    return sorted(filtered, key=len, reverse=True)


if __name__ == ""__main__"":
    example_list = [""banana"", """", ""apple"", ""fig"", """", ""cherry"", ""date""]
    result = filter_and_sort(example_list)
    print(result)  # 출력 결과: ['banana', 'cherry', 'apple', 'date', 'fig']
```",请编写一个Python函数，用于从字符串列表中移除空字符串，并按字符串长度降序排列。请包含类型提示以及简单的使用示例。,"```python
from typing import List


def filter_and_sort(strings: List[str]) -> List[str]:
    """"""
    从字符串列表中移除空字符串，并按字符串长度降序排列。

    Args:
        strings: 输入字符串列表

    Returns:
        过滤掉空字符串后，按长度降序排列的字符串列表
    """"""
    filtered = [s for s in strings if s]
    return sorted(filtered, key=len, reverse=True)


# 使用示例
if __name__ == ""__main__"":
    sample = [""apple"", """", ""fig"", ""banana"", """", ""kiwi"", """"]
    result = filter_and_sort(sample)
    print(result)  # 输出: ['banana', 'apple', 'kiwi', 'fig']
```","```python
from typing import List


def filter_and_sort(strings: List[str]) -> List[str]:
    """"""
    문자열 리스트에서 빈 문자열을 제거한 후, 문자열 길이를 기준으로 내림차순으로 정렬합니다.

    Args:
        strings: 입력된 문자열 리스트

    Returns:
        빈 문자열이 제거된 후, 길이를 기준으로 내림차순으로 정렬된 문자열 리스트
    """"""
    filtered = [s for s in strings if s]
    return sorted(filtered, key=len, reverse=True)


# 사용 예시
if __name__ == ""__main__"":
    sample = [""apple"", """", ""fig"", ""banana"", """", ""kiwi"", """"]
    result = filter_and_sort(sample)
    print(result)  # 출력: ['banana', 'apple', 'kiwi', 'fig']
```",9.6717,9.4879,557,554,-3,,,,
korean_business_tone,한국어 높임말과 문체,1,납기가 이틀 늦어질 예정이라는 내용을 거래처에 정중하게 알리는 이메일을 작성해줘. 변명처럼 들리지 않게 하고 새로운 납기일은 9월 18일로 제시해줘.,"Please draft a polite email to inform the client that the delivery will be delayed by two days. Make sure it doesn’t sound like an excuse, and indicate that the new delivery date is September 18.","Subject: Update regarding your delivery schedule

Dear [Client Name],

I am writing to inform you that the delivery of your order will be delayed by two days. Consequently, the new expected delivery date is **September 18**.

We take full responsibility for this adjustment and appreciate your understanding. We remain committed to ensuring the quality of your order is maintained, and we will keep you updated if there are any further changes.

Please let me know if this new date works for you or if you have any specific concerns we can address.

Best regards,

[Your Name]
[Your Job Title]","제목: 배송 일정 관련 업데이트 안내

안녕하세요, [클라이언트 이름]님.

귀하께서 주문하신 제품의 배송이 이틀 정도 지연될 예정임을 알려드리고자 이 글을 작성하였습니다. 따라서 새로운 예상 배송일은 **9월 18일**입니다.

저희는 이 변경 사항에 대한 모든 책임을 지며, 너른 양해를 부탁드립니다. 귀하의 주문 품목의 품질이 훼손되지 않도록 최선을 다할 것이며, 향후 추가적인 변동 사항이 있을 경우에도 즉시 알려드리겠습니다.

새로 정해진 배송일이 괜찮으신지, 혹은 저희가 해결해드릴 수 있는 우려 사항이 있는지 알려주시기 바랍니다.

감사합니다.

[귀하의 이름]
[귀하의 직책]",请撰写一封邮件，礼貌地告知客户交货日期将延迟两天。要确保邮件听起来不像是借口，同时把新的交货日期定为9月18日。,"**邮件主题：** 关于您订单 [订单编号] 发货日期的更新通知

尊敬的 [客户姓名/先生/女士]，

您好！

感谢您对我们产品的信任与支持。关于您订购的 [产品名称/订单编号]，我需要向您同步一个重要的进度更新：为了确保交付给您的产品达到最高的质量标准，我们将发货日期调整为 **9月18日**（比原计划晚两天）。

这一调整并非因为流程延误，而是我们在最终质检环节发现了 [可选：简要提及具体原因，例如：某个细节需要二次打磨 / 包装规格进行了优化升级]。我们坚持“宁晚勿错”的原则，希望避免任何潜在瑕疵流入您的手中，确保您收到的是完美无瑕的产品。

我们深知时间对您很重要，对于此次日期变动带来的不便，我们深表歉意。为了表达我们的诚意，我们将 [可选：提供一个小补偿，例如：为您免除运费 / 赠送一份小礼品 / 在下次订单中提供折扣]。

如果您有紧急需求，或者需要进一步沟通此变更，请随时回复本邮件或直接致电 [联系电话]，我将第一时间为您处理。

再次感谢您的理解与包容，期待很快能将满意的产品送到您手中。

祝商祺！

[您的姓名]  
[您的职位]  
[公司名称]  
[联系电话]","**이메일 제목:** 귀하의 주문 [주문 번호]에 따른 배송일 업데이트 안내

안녕하세요, [고객 성함/님]!

저희 제품을 믿고 선택해주셔서 진심으로 감사드립니다. 귀하께서 주문하신 [제품명/주문 번호]와 관련하여 중요한 진행 상황 업데이트를 알려드리고자 합니다. 귀하께서 받으시게 될 제품이 최고 수준의 품질 기준을 충족할 수 있도록, 저희는 배송일을 **9월 18일**로 변경하였습니다 (기존 계획보다 이틀 늦어짐).

이번 조정은 처리 과정의 지연 때문이 아니라, 최종 품질 검사 단계에서 [선택사항: 구체적인 사유를 간략히 언급하세요, 예: 특정 부분을 재가공할 필요가 있음 / 포장 방식을 최적화하였음]이 발견되었기 때문입니다. 저희는 ‘늦더라도 잘못되지 않는 것’이 중요하다는 원칙을 고수하며, 어떤 결함도 귀하께서 받으시는 제품에 포함되지 않도록 최선을 다하고 있습니다.

시간이 귀하께 매우 소중하다는 점을 잘 알고 있으며, 이번 일정 변경으로 인해 불편을 끼쳐드린 점 진심으로 사과드립니다. 저희의 진심을 전하기 위해, [선택사항: 소정의 보상 제공, 예: 배송비 면제 / 작은 선물 증정 / 다음 주문 시 할인 혜택 제공]을 준비하였습니다.

긴급한 요청 사항이 있거나 이번 변경 사항에 대해 더 논의하고 싶으시다면, 언제든지 이메일에 답장해주시거나 [연락처 번호]로 직접 연락해주시기 바랍니다. 제가 즉시 처리해드리겠습니다.

다시 한번 너그러운 양해와 이해에 감사드리며, 곧 만족스러운 제품을 귀하께 전해드릴 수 있기를 기대하겠습니다.

행복한 하루 되시길 바랍니다!

[성함]  
[직책]  
[회사명]  
[연락처 번호]",8.2838,16.346,330,810,480,,,,
korean_business_tone,한국어 높임말과 문체,2,납기가 이틀 늦어질 예정이라는 내용을 거래처에 정중하게 알리는 이메일을 작성해줘. 변명처럼 들리지 않게 하고 새로운 납기일은 9월 18일로 제시해줘.,"Please write a polite email to inform the client that the delivery will be delayed by two days. Make sure it doesn’t sound like an excuse, and indicate that the new delivery date is September 18.","Subject: Update regarding your delivery schedule

Dear [Client Name],

I am writing to provide you with an update on the status of your order. Due to a slight adjustment in our logistics timeline, we will be delivering your package on **September 18**, which is two days later than originally scheduled.

We remain fully committed to ensuring that your order arrives in perfect condition and on this new date. We appreciate your patience and understanding as we ensure everything is handled correctly for you.

Please let me know if you have any questions or need further assistance.

Best regards,

[Your Name]
[Your Job Title]","제목: 배송 일정에 관한 업데이트 안내

안녕하세요, [클라이언트 이름]님.

주문하신 상품의 현재 상태에 대해 안내해 드리고자 이 글을 작성했습니다. 물류 일정에 약간의 변동이 생겨, 상품 배송일이 기존 예정일보다 이틀 늦은 **9월 18일**로 변경되었습니다.

저희는 상품이 새로운 날짜에 문제없이 고객님께 도착할 수 있도록 최선을 다하고 있습니다. 모든 절차가 원활히 진행될 수 있도록 고객님의 양해와 인내심을 부탁드립니다.

궁금한 점이 있거나 추가적인 도움이 필요하시면 언제든지 연락해주세요.

감사합니다.

[귀하의 이름]
[직책]",请撰写一封邮件，礼貌地告知客户交货日期将推迟两天。要确保这不会被听成是借口，同时把新的交货日期定为9月18日。,"主题：关于[订单号/项目名称]交货日期的更新通知

尊敬的[客户姓名]，您好！

希望您一切顺利。

写这封邮件是为了向您更新关于[订单号/项目名称]的最新进度。经过我们生产团队的最终严格质检，为了确保您收到的产品完全符合既定的质量标准，我们需要将原定的交货日期顺延两天。

**新的确认为：9月18日（星期X）**

我们深知及时交付对项目进度至关重要，因此我们对这一变动带来的不便深表歉意。但请您放心，这并非由于疏忽或供应链中断导致的延误，而是我们坚持“零缺陷”交付原则的结果。在最终检查中，我们发现[可选：简单提及一个具体的、正面的细节，例如：某项关键指标需要额外时间进行微调以确保最佳性能/为了达到更严格的精度要求]，因此我们决定投入额外的两天时间进行完善。

我们坚信，这两天的额外等待能为您带来更稳定、更可靠的产品体验，避免后续可能出现的任何潜在风险。

目前，我们的团队正在全力冲刺，确保在9月18日准时为您发出货物。如果您对这个新的日期有任何疑虑，或者需要我们将此变更同步给您的内部团队，请随时告诉我，我很乐意协助处理。

感谢您的理解与支持。如有任何其他问题，欢迎随时与我联系。

祝好，

[您的姓名]
[您的职位]
[您的公司名称]
[联系电话]","주제: [주문번호/프로젝트 명칭] 납기일 관련 업데이트 안내

안녕하세요, [고객 성함]님!

평소 잘 지내시리라 믿습니다.

이번에 보내드리는 메일은 [주문번호/프로젝트 명칭]의 최신 진행 상황을 알려드리고자 하는 목적입니다. 저희 생산팀에서 최종적으로 엄격한 품질 검사를 실시한 결과, 고객님께서 받으시게 될 제품이 설정된 모든 품질 기준을 완벽히 충족시키기 위해 기존 납기일을 이틀 연기하게 되었습니다.

**새로 확정된 납기일: 9월 18일 (요일)**

저희는 적시 납품이 프로젝트 일정에 얼마나 중요한지 잘 알고 있기에, 이번 변경으로 인해 불편을 끼쳐드린 점에 대해 깊이 사과드립니다. 다만, 이는 부주의나 공급망 문제로 인한 지연이 아닌, 저희가 고수해오는 ‘결함 제로’ 납품 원칙에 따라 내린 결정임을 믿어주시기 바랍니다. 최종 검사 과정에서 [선택사항: 특정 긍정적인 세부 사항을 간단히 언급해보세요. 예: 특정 핵심 지표를 최상의 성능을 발휘할 수 있도록 미세 조정하는 데 추가 시간이 필요했음 / 더욱 엄격한 정밀도 요건을 충족시키기 위해] 추가적인 시간이 필요하다고 판단하여 이틀간 더 공정을 진행하기로 결정하였습니다.

이틀간의 추가 시간이 고객님께 보다 안정적이고 신뢰할 수 있는 제품 경험을 제공하며, 향후 발생할 수 있는 잠재적 위험 요소를 사전에 방지해줄 것이라 확신합니다.

현재 저희 팀은 9월 18일에 정확히 제품을 발송하기 위해 최선을 다하고 있습니다. 새로 정해진 날짜에 대해 궁금한 점이 있으시거나, 이 변경 사항을 고객님의 내부 팀에도 공유해드려야 할 필요가 있다면 언제든지 연락주시길 바랍니다. 기꺼이 도와드리겠습니다.

이해와 협조에 감사드립니다. 기타 문의 사항이 있으시면 언제든 저에게 연락해주시기 바랍니다.

감사합니다,

[성함]
[직책]
[회사명]
[연락처]",8.073,17.8981,304,904,600,,,,
korean_business_tone,한국어 높임말과 문체,3,납기가 이틀 늦어질 예정이라는 내용을 거래처에 정중하게 알리는 이메일을 작성해줘. 변명처럼 들리지 않게 하고 새로운 납기일은 9월 18일로 제시해줘.,"Please write a polite email to inform the client that the delivery will be delayed by two days. Make sure it doesn’t sound like an excuse, and indicate that the new delivery date is September 18.","Subject: Update regarding your delivery schedule

Dear [Client Name],

I am writing to provide you with an update on the current status of your order.

We have confirmed that the new delivery date for your items will be **September 18**. This represents a two-day delay from the originally scheduled date.

We are fully committed to ensuring that your order is processed with the same level of care and quality you expect from us. We appreciate your patience and understanding as we ensure everything is ready for delivery on the new date.

Please let me know if you have any questions or require further assistance.

Best regards,

[Your Name]
[Your Job Title]","제목: 배송 일정에 관한 업데이트 안내

안녕하세요, [클라이언트 이름]님.

주문하신 상품의 현재 상태에 대해 안내드리고자 이 글을 작성하였습니다.

귀하의 상품에 대한 새로운 배송일은 **9월 18일**로 확정되었습니다. 이는 기존 예정일보다 이틀 늦은 날짜입니다.

저희는 귀하께서 기대하시는 수준의 세심함과 품질로 주문을 처리하기 위해 최선을 다하고 있습니다. 새로운 배송일까지 모든 준비가 원활히 이루어질 수 있도록 귀하의 인내심과 양해를 부탁드립니다.

궁금한 점이나 추가적인 도움이 필요하시다면 언제든지 연락해주십시오.

감사합니다.

[귀하의 이름]
[직책]",请撰写一封邮件，礼貌地告知客户交货日期将推迟两天。要确保这听起来不像是在找借口，同时把新的交货日期定为9月18日。,"主题：关于订单 [订单号] 交付时间的更新通知

尊敬的 [客户姓名/公司名称]，

您好。

写这封邮件是为了向您同步订单 [订单号] 的最新进度。经过我们内部团队的最终确认，为了确保您收到的产品完全符合既定的高质量标准，并避免任何潜在的质量瑕疵，我们需要将原定交付时间微调两天。

因此，新的预计交货日期定为 **9月18日**。

这一调整是基于我们对产品最终检验环节的高标准要求。我们深知按时交付对您至关重要，因此团队正在全力加快后续流程，以确保在 9月18日 准时、完好地将货物交付到您手中。

对于由此可能造成的任何不便，我们深表歉意。我们承诺将密切关注后续每一个环节，确保此次交付万无一失。

如果您对新日期有任何疑虑，或需要进一步的协助，请随时与我联系。感谢您的理解与支持。

祝商祺！

[您的姓名]
[您的职位]
[您的公司名称]
[您的联系电话/邮箱]","주제: 주문 [주문번호]의 배송 일정에 관한 업데이트 안내

존경하는 [고객님의 성함/회사명]님,

안녕하세요.

이번 메일은 주문 [주문번호]의 최신 진행 상황을 안내드리기 위해 작성되었습니다. 당사 내부 팀의 최종 확인 결과, 고객님께서 받으시게 될 제품이 정해진 높은 품질 기준에 완벽히 부합하고 잠재적인 품질 결함이 없도록 하기 위해, 기존 예정된 배송 일정을 이틀 정도 조정할 필요가 있음을 확인하였습니다.

따라서, 새로운 예상 배송일은 **9월 18일**로 정해졌습니다.

이번 조정은 제품의 최종 검수 과정에 대한 당사의 높은 기준에 기반한 결정입니다. 당사는 정해진 날짜에 배송이 이루어지는 것이 고객님께 매우 중요하다는 점을 잘 알고 있으며, 그에 따라 팀 전체가 9월 18일에 물품을 정확히, 무사히 고객님께 전달할 수 있도록 모든 절차를 신속히 진행 중입니다.

이로 인해 발생할 수 있는 불편함에 대해 진심으로 사과드립니다. 저희는 이번 배송이 완벽하게 이루어질 수 있도록 이후의 모든 과정을 면밀히 주시할 것을 약속드립니다.

새로운 날짜에 대해 궁금한 점이 있으시거나 추가적인 도움이 필요하시다면 언제든지 저에게 연락해주십시오. 고객님의 양해와 협조에 감사드립니다.

무궁한 발전을 기원합니다!

[성함]
[직위]
[회사명]
[연락처/이메일]",8.6096,12.9309,320,654,334,,,,
korean_business_tone,한국어 높임말과 문체,4,납기가 이틀 늦어질 예정이라는 내용을 거래처에 정중하게 알리는 이메일을 작성해줘. 변명처럼 들리지 않게 하고 새로운 납기일은 9월 18일로 제시해줘.,"Please write a polite email to inform the client that the delivery will be delayed by two days. Make sure it doesn’t sound like an excuse, and state that the new delivery date is September 18.","Subject: Update regarding your order delivery date

Dear [Client Name],

I hope this email finds you well.

I am writing to provide you with an important update regarding the status of your recent order. After a final review, we have determined that to ensure the highest quality standards are met, we will be extending the delivery timeline by two days.

Your new confirmed delivery date is **September 18**.

We apologize for any inconvenience this may cause and appreciate your patience as we complete the final steps to ensure your items are perfect. Please let us know if you have any questions or require further assistance.

Best regards,

[Your Name]
[Your Job Title]
[Your Company Name]","제목: 주문하신 상품의 배송일정 업데이트 안내

안녕하세요, [클라이언트 이름]님.

이 메일이 잘 전달되었기를 바랍니다.

최근 주문하신 상품의 배송 상황에 대해 중요한 업데이트 사항을 알려드리고자 합니다. 최종 검토 결과, 최고 수준의 품질 기준을 보장하기 위해 배송 기한을 이틀 연장하기로 결정하였습니다.

새로 확정된 배송일은 **9월 18일**입니다.

이로 인해 불편을 끼쳐드리게 되어 죄송하며, 상품이 최상의 상태로 준비될 수 있도록 기다려주셔서 감사합니다. 궁금한 점이나 도움이 필요하시면 언제든지 연락해주십시오.

감사합니다.

[귀하의 이름]
[직책]
[회사명]",请写一封邮件，礼貌地告知客户交货日期将延迟两天。要确保这听起来不像是借口，并说明新的交货日期为9月18日。,"**邮件主题：** 关于您的订单 [订单编号] 交货日期的更新通知

尊敬的 [客户姓名/先生/女士]：

您好！

感谢您选择我们的服务。我写这封邮件是为了向您通报关于您订单 [订单编号] 的最新进展。

经过内部严格的质量控制复核，为确保交付给您的产品完全符合既定的高标准和预期性能，我们需要额外两天时间进行最后的精密检测与完善。因此，原定的交货日期将顺延两天，**新的预计交货日期为 9月18日**。

我们深知准时交付对您的计划至关重要，对于由此可能带来的不便，我们深表歉意。请相信，这一短暂的延后是为了确保您收到的每一份产品都能达到最优状态，而非简单的流程延误。

如果新的日期会对您的业务安排造成重大影响，请直接回复此邮件或致电 [电话号码] 与我联系。我们将优先处理您的情况，并尽最大努力提供替代方案（如部分先行发货或加急物流支持）。

再次感谢您的理解与耐心。如有任何疑问，欢迎随时与我沟通。

祝商祺！

[你的姓名]
[你的职位]
[公司名称]
[联系电话]","**이메일 제목:** 고객님의 주문 [주문 번호] 납기일에 관한 업데이트 안내

존경하는 [고객님의 성함/님]:

안녕하세요!

저희 서비스를 이용해주셔서 감사합니다. 이번에 메일을 드리는 것은 고객님의 주문 [주문 번호]에 대한 최신 진행 상황을 알려드리기 위함입니다.

내부적으로 엄격한 품질 관리 검토를 거친 결과, 고객님께 전달될 제품이 정해진 높은 기준과 기대 성능을 모두 충족시키기 위해 마지막 정밀 검사 및 보완 작업에 이틀의 추가 시간이 필요합니다. 따라서 기존 납기일이 이틀 연기되며, **새로 예정된 납기일은 9월 18일**입니다.

저희는 정시 납품이 고객님의 계획에 얼마나 중요한지 잘 알고 있으며, 이로 인해 불편을 끼쳐드린 점 진심으로 사과드립니다. 이러한 짧은 기간의 지연은 단순한 절차상의 지연이 아니라, 고객님께서 받으시는 모든 제품이 최상의 상태를 갖추도록 하기 위한 조치임을 믿어주시기 바랍니다.

만약 새로운 납기일이 고객님의 업무 일정에 중대한 영향을 미칠 경우, 이 메일에 회신하시거나 [전화번호]로 저에게 직접 연락해주시기 바랍니다. 저희는 고객님의 상황을 최우선으로 처리하여, 일부 제품 먼저 발송이나 급행 배송 지원과 같은 대안을 제공하기 위해 최선을 다하겠습니다.

다시 한번 고객님의 양해와 인내에 감사드립니다. 궁금한 점이 있으시면 언제든지 저에게 문의해주세요.

행복한 비즈니스 되시길 바랍니다!

[본인 성함]
[직책]
[회사명]
[연락처]",8.9053,14.7056,324,724,400,,,,
lexical_ambiguity,어휘 중의성,1,'배를 타고 가다가 배가 고파서 배를 먹었다'라는 문장에서 각각의 '배'가 무엇을 뜻하는지 설명하고 자연스러운 영어 예문으로 의미를 구분해줘.,"In the sentence “While sailing, I got hungry and ate a pear,” please explain what each “pear” refers to, and provide natural English examples to distinguish their meanings.","Actually, there is a misunderstanding in your premise. The word **“pear”** appears only **once** in the sentence:

> “While sailing, I got hungry and ate a **pear**.”

There is **no second “pear”** in that sentence. Therefore, it does not refer to two different things.

However, I suspect you may be confusing this with a famous **ambiguity** or **garden-path sentence** involving the word **“prune”** or a different word like **“boat”** or **“sail.”** A very common example of accidental ambiguity in English is:

> “While sailing, I got drunk and ate a **prune**.”

But even in that case, “prune” is only used once.

---

### What You Might Be Thinking Of: The “Pears” vs. “Pairs” Confusion?

It’s possible you are thinking of a different classic ambiguity involving **homophones** or **polysemous words**. One very famous example is the word **“pair”** vs. **“pear”**:

- **Pear** = a fruit.
- **Pair** = two of something.

But in your sentence, it’s clearly “pear” (the fruit), and there’s only one instance.

---

### If You Meant a Different Sentence with Two Ambiguous Words

A classic example of **two different references** in one sentence is:

> “The old man saw the boy with his telescope.”

Here, **“his”** is ambiguous:
1. It could refer to **the old man** (he used his own telescope).
2. It could refer to **the boy** (the boy was holding a telescope, and the man saw him).

But again, this is not about “pear.”

---

### Conclusion

In the sentence **“While sailing, I got hungry and ate a pear,”**:
- There is **only one** “pear.”
- It refers to **a fruit** that the speaker ate.
- There is **no second “pear”** to distinguish from.

If you meant a different sentence or word (such as “pair,” “prune,” or another ambiguous term), please clarify, and I’d be happy to explain the ambiguity with natural examples!","사실, 질문하신 내용에 약간의 오해가 있습니다. 문장 속에서 **“배”**라는 단어는 단 **한 번만** 등장합니다:

> “항해하는 동안 배가 고파서 **배**를 하나 먹었어요.”

그 문장에는 두 번째 “배”가 전혀 없습니다. 따라서 두 가지 다른 대상을 가리키는 것이 아닙니다.

다만, 아마도 “프룬(prune)”이나 “보트(boat)”, “항해(sail)” 같은 단어가 포함된 유명한 모호한 문장과 혼동하신 것 같습니다. 영어에서 흔히 볼 수 있는 모호한 문장의 예시로는 다음과 같은 것이 있습니다:

> “항해하는 동안 취해버려서 **프룬**을 하나 먹었어요.”

하지만 이 경우에도 “프룬”은 단 한 번만 사용되었습니다.

---

### 혹시 “배(pear)”와 “쌍(pair)”의 혼동을 말씀하시는 건가요?

혹시 **동음이의어**나 **다의어**와 관련된 또 다른 모호한 문장을 염두에 두고 계신 것일 수도 있습니다. 매우 유명한 예로는 **“pair”**와 **“pear”**의 차이가 있습니다:

- **Pear** = 과일인 배
- **Pair** = 두 개로 이루어진 쌍

하지만 질문하신 문장에서는 분명히 “배”가 과일을 의미하며, 한 번만 나옵니다.

---

### 두 개의 모호한 단어가 포함된 문장의 예시

한 문장 안에 두 가지 서로 다른 의미가 존재하는 경우의 예시로는 다음과 같은 것이 있습니다:

> “노인이 망원경으로 그 소년을 보았어요.”

여기서 **“그의”**라는 대명사는 모호합니다:
1. 노인 자신의 망원경을 가리킬 수 있습니다.
2. 소년이 들고 있던 망원경을 가리킬 수도 있습니다.

하지만 이 역시 “배”와는 관련이 없습니다.

---

### 결론

“항해하는 동안 배가 고파서 배를 하나 먹었어요.”라는 문장에서는:
- “배”는 단 한 번만 등장합니다.
- 이는 화자가 먹은 과일을 의미합니다.
- 구별해야 할 두 번째 “배”는 존재하지 않습니다.

혹시 “쌍(pair)”, “프룬(prune)” 혹은 다른 모호한 단어가 포함된 문장을 말씀하셨다면, 자세히 설명해드리겠습니다!",在“乘船前行时饿了，于是吃了梨”这个句子中，请分别说明每个“梨”所代表的意思，并给出自然的英文例句来区分其含义。,"这里存在一个逻辑上的误解：**句子“乘船前行时饿了，于是吃了梨”中只有一个“梨”字**。

因此，不存在“分别说明每个‘梨’所代表的意思”的情况。这个句子中的“梨”仅指代一种水果（Pear），即食用对象。

不过，为了帮助你更好地理解“梨”在不同语境下的含义或用法，我可以提供几个包含“梨”的中文例句，并给出自然的英文翻译来区分其不同含义或用法：

---

### 1. “梨”指水果（Pear - fruit）
**中文例句**：他饿得厉害，于是吃了一个梨。  
**英文例句**：He was very hungry, so he ate a pear.  
✅ 说明：最直接的用法，指可食用的水果。

---

### 2. “梨”指植物/果树（Pear tree - plant）
**中文例句**：春天到了，院子里的梨树开满了花。  
**英文例句**：Spring has arrived, and the pear tree in the courtyard is covered with blossoms.  
✅ 说明：指结梨的树，而非果实本身。

---

### 3. “梨”用于比喻或形象描述（Pear-shaped - shape）
**中文例句**：她的身材是标准的梨形，臀部比胸部宽。  
**英文例句**：She has a pear-shaped figure, with wider hips than shoulders.  
✅ 说明：形容人体或物体形状像梨，上窄下宽。

---

### 4. “梨”作为姓氏（Surname: Li）
**中文例句**：梨老师是我们班的数学老师。  
**英文例句**：Teacher Li is our math teacher.  
✅ 说明：“梨”是中文姓氏“李”的同音字，但严格来说姓氏应写作“李”。如果用户确实写的是“梨”，可能是笔误。若指姓氏，英文音译为 **Li**。

> ⚠️ 注意：中文中“梨”（水果）和“李”（姓氏/李子）是两个不同的字。如果原句是“吃了李”，那可能指李子（plum）。但根据你的问题，我们按“梨”= 水果处理。

---

### 总结
你提供的句子中**只有一个“梨”**，它仅表示**水果（pear）**。

如果你是想问“梨”在不同语境下的不同含义，请参考上述4种区分。  
如果你是指其他句子（比如包含两个“梨”的句子），请提供完整句子，我可以进一步分析。","여기에 논리적인 오해가 하나 있습니다: **“배를 타고 가다가 배가 고파서 배를 먹었다”라는 문장에는 ‘배’라는 단어가 단 하나만 나옵니다**.

따라서 “각각의 ‘배’가 무엇을 의미하는지 설명하는” 경우는 존재하지 않습니다. 이 문장 속의 ‘배’는 단지 과일(배)을 가리키는 말입니다.

하지만 ‘배’가 다양한 맥락에서 어떤 의미나 용법을 가지는지 더 잘 이해하실 수 있도록, ‘배’가 포함된 중국어 예문 몇 가지와 그에 상응하는 자연스러운 영어 번역을 제시해 드리겠습니다:

---

### 1. ‘배’가 과일을 의미할 때 (Pear – fruit)
**중국어 예문**: 그는 너무 배가 고파서 배 하나를 먹었다.  
**영어 예문**: He was extremely hungry, so he ate a pear.  
✅ 설명: 가장 일반적인 용법으로, 먹을 수 있는 과일을 가리킵니다.

---

### 2. ‘배’가 나무/식물을 의미할 때 (Pear tree – plant)
**중국어 예문**: 봄이 왔으니, 마당에 있는 배나무에 꽃이 가득 피었다.  
**영어 예문**: Spring has come; the pear tree in the yard is completely covered in blossoms.  
✅ 설명: 열매 자체가 아니라 배를 맺는 나무를 가리킵니다.

---

### 3. ‘배’가 비유나 형태 묘사를 위해 사용될 때 (Pear-shaped – shape)
**중국어 예문**: 그녀의 몸매는 전형적인 배 모양으로, 엉덩이가 가슴보다 넓다.  
**영어 예문**: She has a pear-shaped figure, with hips wider than her shoulders.  
✅ 설명: 사람이나 사물의 모양이 위쪽은 좁고 아래쪽은 넓은 ‘배 모양’임을 표현할 때 사용됩니다.

---

### 4. ‘배’가 성씨로 사용될 때 (Surname: Li)
**중국어 예문**: 리 선생님은 우리 반의 수학 선생님이시다.  
**영어 예문**: Teacher Li is our math teacher.  
✅ 설명: ‘배’는 중국어 성씨인 ‘이(李)’와 발음이 같지만, 엄밀히 말해 성씨는 ‘이’로 표기해야 합니다. 혹시 ‘배’라고 적으셨다면 오타일 가능성이 큽니다. 성씨를 가리킬 경우 영어로는 **Li**로 음역합니다.

> ⚠️ 주의: 중국어에서 ‘배’(과일)와 ‘이’(성씨/자두)는 서로 다른 글자입니다. 만약 원문이 “자두를 먹었다”라면 ‘자두(plum)’를 의미할 수 있습니다. 하지만 귀하의 질문에 따라 여기서는 ‘배’를 과일로 간주하겠습니다.

---

### 요약
귀하가 제공하신 문장에는 **‘배’라는 단어가 단 하나만** 나오며, 이는 오직 **과일(배)**을 의미합니다.

만약 ‘배’가 여러 맥락에서 어떤 의미를 가지는지 궁금하시다면 위의 네 가지 구분을 참고해주세요.  
혹시 ‘배’가 두 번 나오는 다른 문장을 질문하신 것이라면, 전체 문장을 알려주시면 더 정확히 분석해 드리겠습니다.",23.9915,28.6321,1028,1484,456,,,,
lexical_ambiguity,어휘 중의성,2,'배를 타고 가다가 배가 고파서 배를 먹었다'라는 문장에서 각각의 '배'가 무엇을 뜻하는지 설명하고 자연스러운 영어 예문으로 의미를 구분해줘.,"In the sentence “While boating, I got hungry and ate pears,” please explain what each “pear” refers to, and provide natural English examples to distinguish their meanings.","Actually, there is a misunderstanding in your premise: the word **“pear”** does not appear in the sentence “While boating, I got hungry and ate pears.”

Instead, the word is **“pears”** (plural). There is only **one instance** of the noun “pear(s)” in that sentence, and it refers to the **fruit**.

Let’s clarify:

### 1. What does “pears” refer to?
In the sentence:  
> *“While boating, I got hungry and ate pears.”*

- **“Pears”** refers to the **edible fruit** (the sweet, juicy fruit from a pear tree).
- There is no other word in the sentence that could be confused with “pear” (like a homophone such as “pair,” “pare,” or “pearl”).

So, there is **only one meaning** at play: the fruit.

---

### 2. Possible Confusions and Natural Examples to Distinguish Meanings

You may be thinking of common **homophones** or words that sound like “pear” but have different spellings and meanings. Let’s distinguish them with clear examples:

#### ✅ **Pear** (the fruit)
- *I ate a sweet **pear** after lunch.*
- *The **pears** in the basket are ripe and juicy.*

#### ✅ **Pair** (two of something)
- *I bought a **pair** of shoes.*  
  *(Two shoes, not two pears!)*
- *She wore a **pair** of glasses.*

#### ✅ **Pare** (to cut away or remove)
- *Please **pare** the potato before cooking it.*  
  *(To peel or trim it.)*
- *He **pared** the apple to remove the skin.*

#### ✅ **Pearl** (a gem or a round bead)
- *She wore a **pearl** necklace.*  
  *(A shiny, round gem from an oyster.)*
- *The **pearls** on the necklace sparkled in the sun.*

---

### Why the Confusion Might Arise
The sentence you provided uses **“pears”** (plural of pear), so there’s no ambiguity in that specific sentence. However, if you had a sentence like:

> *“I bought a **pear** of fruit and a **pair** of earrings.”*

Then you would have:
- **“Pear”** = the fruit
- **“Pair”** = two of something (here, two earrings)

But in your original sentence—*“While boating, I got hungry and ate pears”*—there is **only one word** (“pears”), and it unambiguously means **the fruit**.

Let me know if you’d like help with a different sentence or more examples!","사실, 질문하신 내용에 약간의 오해가 있습니다. “배를 타고 있던 중 배가 고파서 배를 먹었다”라는 문장에는 “pear”라는 단어가 전혀 나타나지 않습니다. 대신 “pears”(복수형)라는 단어가 사용되었죠. 해당 문장에서 “배”라는 단어는 오직 한 번만 등장하며, 이는 바로 과일을 의미합니다.

자세히 설명해드리겠습니다:

### 1. “Pears”는 무엇을 의미하나요?
문장:  
> “배를 타고 있던 중 배가 고파서 배를 먹었다.”

- 이 경우 “pears”는 먹을 수 있는 과일, 즉 배나무에서 열리는 달콤하고 수분이 많은 과일을 가리킵니다.
- 문장 내에 “pear”와 혼동될 만한 다른 단어(예: “pair”, “pare”, “pearl”)는 전혀 없습니다.

따라서 이 문장에서는 오직 하나의 의미, 즉 과일만이 존재합니다.

---

### 2. 혼동될 수 있는 단어들과 그 의미를 구분하는 예시

“배”와 발음이 비슷하지만 철자와 의미가 다른 단어들이 있습니다. 아래 예시를 통해 이들을 명확히 구분해보겠습니다:

#### ✅ **Pear** (과일)
- “점심 후에 달콤한 배를 먹었어요.”
- “바구니 안에 있는 배들이 잘 익어서 맛있어요.”

#### ✅ **Pair** (두 개씩 묶인 것)
- “신발 한 켤레를 샀어요.”  
  *(두 개의 신발이지, 두 개의 배가 아니에요!)*
- “그녀는 안경 한 켤레를 쓰고 있었어요.”

#### ✅ **Pare** (깎아내거나 잘라내기)
- “요리하기 전에 감자를 깎아내세요.”  
  *(감자의 껍질을 벗기는 것을 의미합니다.)*
- “그는 사과의 껍질을 깎아냈어요.”

#### ✅ **Pearl** (진주 또는 둥근 구슬)
- “그녀는 진주 목걸이를 착용하고 있었어요.”  
  *(조개껍데기에서 나오는 반짝이는 둥근 보석입니다.)*
- “목걸이 위의 진주들이 햇빛에 반짝였어요.”

---

### 혼동이 생길 수 있는 이유
질문하신 문장에서는 “pears”라는 복수형이 사용되었으므로 모호함이 전혀 없습니다. 하지만 다음과 같은 문장이라면:

> “과일인 배 하나와 귀걸이 한 켤레를 샀어요.”

이 경우:
- “배” = 과일
- “켤레” = 두 개씩 묶인 것 (여기서는 두 개의 귀걸이)

하지만 원래 문장인 “배를 타고 있던 중 배가 고파서 배를 먹었다”에서는 “pears”라는 단어가 단 한 번만 나오며, 이는 명확히 과일을 의미합니다.

다른 문장에 대한 도움이 필요하시거나 더 많은 예시가 필요하시다면 언제든지 말씀해주세요!",在“乘船前行时觉得饿了，于是吃了李子”这句话中，分别说明每个“李子”指的是什么，并给出自然的英语例句来区分其含义。,"这句话中其实**只出现了一次“李子”**（出现在句末：“吃了李子”）。因此，严格来说并不存在两个不同的“李子”需要区分。

不过，我猜测你可能想问的是以下两种常见情况之一：

1. **你可能误以为句中出现了两次“李子”**（例如原句可能是“船上有很多李子，我吃了李子”）。
2. **你可能想区分中文里同音或形近词“李子”（plum）与“李”（surname Li / plum tree）**，或者想区分**“李子”作为水果**与**“李”作为姓氏/地名**在英语中的表达。
3. **更可能的是：你想区分“李子”（plum，水果）与“李”（Li，姓氏/人名）**，因为中文里“李子”有时会被误听或混淆。

但根据你提供的原句：“乘船前行时觉得饿了，于是吃了李子”，句中**仅有一个“李子”**，指的就是**水果李子（plum）**。

---

### 假设你实际想问的是：**如何区分“李子”（水果 plum）和 “李”（姓氏 Li）**？

这是中文学习者常混淆的点。下面分别说明：

#### 1. “李子” = plum（水果）
- **含义**：一种圆形、紫红色或黄色的水果，可食用。
- **英语例句**：  
  > *I was hungry while rowing the boat, so I ate a **plum**.*  
  > （我划船时饿了，于是吃了一个李子。）

#### 2. “李” = Li（姓氏）
- **含义**：中国常见姓氏，音译为 “Li”。注意：**不读作 plum**。
- **英语例句**：  
  > *My friend **Li** was hungry while rowing the boat, so he ate a **plum**.*  
  > （我的朋友李（姓）划船时饿了，于是吃了一个李子。）

---

### 如果你确实想区分句中两个“李子”（假设原句是：“船上有很多李子，我吃了李子”）

那么两个“李子”都指 **plum（水果）**，只是语境不同：

1. **第一个“李子”**（船上有很多李子）→ 泛指可食用的李子  
   - *There were many **plums** on the boat.*  
2. **第二个“李子”**（我吃了李子）→ 特指其中一颗被吃掉的李子  
   - *I ate a **plum** because I was hungry.*

✅ 总结：在你给出的原句中，**只有一个“李子”**，指 **plum（水果）**。英语自然表达为：  
> *I felt hungry while rowing the boat, so I ate a plum.*

如有其他具体句子或对比需求，欢迎补充！","이 문장에서는 사실 **“자두”가 단 한 번만 등장**합니다(문장 끝부분: “자두를 먹었다”). 따라서 엄밀히 말해 구별해야 할 두 가지 다른 “자두”는 존재하지 않습니다.

다만, 아마도 여러분이 궁금해하시는 것은 다음 두 가지 경우 중 하나일 것이라 생각됩니다.

1. **문장 안에 “자두”가 두 번 나온다고 오해하셨을 가능성** (예: 원문이 “배 위에 자두가 많이 있었는데, 나는 자두를 먹었다”였을 수도 있음).
2. **중국어에서 발음이나 모양이 비슷한 “자두”(plum)와 “이”(성씨 Li/자두나무)를 구별하시고 싶거나**, 혹은 **“자두”가 과일일 때와 “이”가 성씨/지명일 때의 영어 표현 차이**를 알고 싶으실 수도 있습니다.
3. 가장 가능성이 높은 것은 **“자두”(plum, 과일)와 “이”(Li, 성씨/이름)**를 구별하고 싶으신 것인데, 중국어에서 “자두”가 종종 오해되거나 혼동되기도 하기 때문입니다.

하지만 여러분이 제공하신 원문 “배를 타고 가다가 배고파서 자두를 먹었다”에서는 **“자두”가 단 하나만 나오며**, 이는 바로 **과일인 자두(plum)**를 가리킵니다.

---

### 혹시 여러분이 진짜로 궁금해하신 것은: **“자두”(과일 plum)와 “이”(성씨 Li)의 차이**인가요?

이 점은 중국어 학습자들이 자주 혼동하는 부분입니다. 각각을 따로 설명해드리겠습니다.

#### 1. “자두” = plum (과일)
- **의미**: 둥글고 자줏빛이나 노란색을 띠는, 먹을 수 있는 과일입니다.
- **영어 예문**:  
  > *I was hungry while rowing the boat, so I ate a **plum**.*  
  > (배를 타고 가다가 배고파서 자두를 하나 먹었다.)

#### 2. “이” = Li (성씨)
- **의미**: 중국에서 흔히 쓰이는 성씨로, 영어로는 “Li”라고 표기합니다. 주의할 점: **“plum”처럼 발음되지 않습니다**.
- **영어 예문**:  
  > *My friend **Li** was hungry while rowing the boat, so he ate a **plum**.*  
  > (제 친구 이씨도 배를 타고 가다가 배고파서 자두를 하나 먹었습니다.)

---

### 만약 진짜로 문장 안에 두 개의 “자두”를 구별하고 싶으시다면 (예: “배 위에 자두가 많이 있었는데, 나는 자두를 먹었다”라는 문장)

그때도 두 “자두” 모두 **plum(과일)**을 의미하며, 단지 문맥만 다를 뿐입니다:

1. **첫 번째 “자두”** (배 위에 자두가 많이 있었음) → 일반적으로 먹을 수 있는 자두들  
   - *There were many **plums** on the boat.*
2. **두 번째 “자두”** (나는 자두를 먹었다) → 특히 먹은 그 한 알의 자두  
   - *I ate a **plum** because I was hungry.*

✅ 요약하자면: 여러분이 주신 원문에서는 **“자두”가 단 하나만 나오며**, 이는 **plum(과일)**을 가리킵니다. 영어로는 이렇게 표현할 수 있습니다:  
> *I felt hungry while rowing the boat, so I ate a plum.*

다른 구체적인 문장이나 비교하고 싶은 내용이 있다면 언제든 알려주세요!",29.9599,31.8062,1239,1635,396,,,,
lexical_ambiguity,어휘 중의성,3,'배를 타고 가다가 배가 고파서 배를 먹었다'라는 문장에서 각각의 '배'가 무엇을 뜻하는지 설명하고 자연스러운 영어 예문으로 의미를 구분해줘.,"In the sentence “While sailing, I got hungry and ate a pear,” please explain what each “pear” refers to, and provide natural English examples to illustrate the difference in meaning.","In the sentence **“While sailing, I got hungry and ate a pear,”** there is actually only **one** instance of the word “pear.” It refers to the **fruit** that was eaten.

However, it is very likely you are asking about a common English pun or ambiguity involving the word **“pear”** and its homophone **“pair.”** This is a classic example of how context changes meaning. Let’s clarify both possible interpretations:

### 1. If “pear” = the fruit
This is the literal meaning in your sentence.
- **Meaning:** A sweet, juicy fruit (Pyrus communis).
- **Example:**  
  > “I was hungry, so I ate a **pear** from the bowl on the table.”

### 2. If “pair” = two things (homophone pun)
Sometimes people jokingly or mistakenly say “pear” when they mean **“pair”** (two of something). This creates a humorous or ambiguous sentence.
- **Meaning:** Two items considered together (e.g., a pair of shoes, a pair of glasses).
- **Example:**  
  > “I bought a **pair** of shoes, but I can’t find the other one.”  
  > *(If someone said: “I bought a pear of shoes,” it would be nonsensical unless it’s a pun.)*

---

### Why Your Sentence Is Clear
In your specific sentence:  
**“While sailing, I got hungry and ate a pear.”**

- There is **no ambiguity** because you cannot “eat” a *pair* (two things) in the same grammatical structure unless you say “ate a pair of pears” or “ate two pears.”
- The verb **“ate”** strongly implies a **single edible item**, so “pear” must refer to the **fruit**.

---

### Natural Examples Illustrating the Difference

#### Example A: “Pear” as Fruit (Literal)
> “I ate a **pear** before dinner.”  
> → Meaning: I consumed one piece of fruit.

#### Example B: “Pair” as Two Items (Homophone)
> “I bought a **pair** of jeans.”  
> → Meaning: I bought two legs’ worth of jeans (one complete item made of two parts).

#### Example C: The Pun/Ambiguity (Humorous or Confusing)
Imagine someone says:  
> “I bought a **pear** of shoes.”  

This is grammatically correct but semantically odd. A listener might think:
- Did they buy a fruit shaped like shoes? (Impossible)
- Or did they misspeak and mean “pair”?

To avoid confusion, always use:
- **“Pear”** for the fruit.
- **“Pair”** for two matched items.

---

### Final Clarification
Your sentence contains **only one “pear,”** and it refers to **the fruit**. There is no second “pear” in the sentence. If you meant to ask about a different sentence with two “pears,” please provide that sentence for further clarification!","“항해하는 도중에 배가 고파서 배를 하나 먹었다.”라는 문장에서는 사실상 “배”라는 단어가 **단 한 번만** 등장합니다. 이는 먹은 **과일**을 가리키는 것입니다.

하지만 아마도 여러분은 “배”라는 단어와 그 동음이의어인 “페어(pair)”와 관련된 영어의 말장난이나 모호함에 대해 궁금해하시는 것 같습니다. 이는 맥락에 따라 의미가 달라지는 대표적인 예시입니다. 두 가지 가능한 해석을 각각 설명해보겠습니다.

### 1. “배”가 과일일 경우
이것이 여러분의 문장에서의 문자적인 의미입니다.
- **의미:** 달콤하고 즙이 많은 과일(배나무의 열매).
- **예시:**  
  > “배가 고파서 테이블 위에 있던 **배**를 하나 먹었다.”

### 2. “페어”가 두 개의 물건을 의미할 경우 (동음이의어 말장난)
때로는 사람들이 “페어”(두 개의 물건)를 의미할 때 장난삼아 혹은 실수로 “배”라는 단어를 사용하기도 합니다. 이 경우 문장은 유머러스하거나 모호해집니다.
- **의미:** 함께 쓰이는 두 개의 물건 (예: 신발 한 켤레, 안경 한 벌).
- **예시:**  
  > “신발 **한 켤레**를 샀는데, 다른 하나를 찾을 수가 없어요.”  
  > *(만약 누군가 “신발 ‘배’ 하나를 샀어요”라고 했다면, 말장난이 아니라면 말이 안 되는 표현입니다.)*

---

### 왜 여러분의 문장은 명확한가?
여러분의 문장:  
“항해하는 도중에 배가 고파서 배를 하나 먹었다.”

- **모호함이 전혀 없습니다.** 왜냐하면 문법적으로 “페어”(두 개의 물건)를 “먹을” 수는 없기 때문입니다. “배 두 개를 먹었다”고 말해야만 합니다.
- 동사 “먹었다”는 **하나의 먹을 수 있는 물건**을 의미하므로 “배”는 분명히 **과일**을 가리키는 것입니다.

---

### 둘의 차이를 보여주는 예시들

#### 예시 A: “배”가 과일일 경우 (문자적 의미)
> “저녁 식사 전에 **배**를 하나 먹었어요.”  
> → 의미: 과일 하나를 섭취했다.

#### 예시 B: “페어”가 두 개의 물건을 의미할 경우 (동음이의어)
> “청바지 **한 켤레**를 샀어요.”  
> → 의미: 청바지 두 개가 합쳐진 하나의 세트를 샀다.

#### 예시 C: 말장난/모호함이 있는 경우 (유머러스하거나 혼란스러움)
누군가 이렇게 말한다고 상상해보세요:  
> “신발 **배** 하나를 샀어요.”  

문법적으로는 맞지만 의미상 이상합니다. 듣는 사람은 이렇게 생각할 수 있습니다:
- 신발 모양의 과일을 샀다는 건가? (불가능)
- 아니면 “페어”를 말하려다 실수로 “배”라고 한 건가?

혼동을 피하려면 다음과 같이 사용하는 것이 좋습니다:
- 과일을 가리킬 때는 **“배”**를 사용하세요.
- 두 개가 짝을 이루는 물건을 말할 때는 **“페어”**를 사용하세요.

---

### 마지막 정리
여러분의 문장에는 **“배”가 단 한 번만** 나오며, 이는 **과일**을 의미합니다. 문장 내에 두 번째 “배”는 존재하지 않습니다. 만약 두 개의 “배”가 등장하는 다른 문장에 대해 궁금하시다면, 그 문장을 알려주시면 더 자세히 설명해드리겠습니다!",在“乘船前行时肚子饿了，于是吃了梨”这个句子中，请分别说明每个“梨”指的是什么，并给出自然的英语例句来区分其含义。,"这里存在一个理解上的误区：**在中文句子“乘船前行时肚子饿了，于是吃了梨”中，只有一个字是“梨”，它指的就是水果“梨”。**

这个句子并没有出现两个不同含义的“梨”。你可能混淆了中文里常见的**同音字歧义**问题（例如“梨”和“离”），或者误以为这是一个关于多义词的经典例子。

但为了帮助你理解**如何区分不同含义的词**以及**如何用英语自然表达**，我将分两种情况为你解答：

---

### 情况一：如果你是指这个句子中的“梨”（水果）
**含义：** 指可食用的水果（Pear）。  
**英语例句：**  
> I was hungry while sailing, so I ate a **pear**.  
> （我在乘船时饿了，所以吃了一个梨。）

---

### 情况二：你可能想问的是“离”（离开/分离）与“梨”（水果）的区别？
在中文里，“梨”（lí，水果）和“离”（lí，离开）是同音字。如果原句是：“乘船前行时肚子饿了，于是**离**开了餐桌”，那“离”就不是水果。但原句明确写的是“吃了梨”，所以只能是水果。

不过，为了全面回答你“区分含义并给出英语例句”的需求，我假设你想了解的是**中文中容易混淆的同音字“梨”（水果）和“离”（离开）**，或者更常见的是**多义词“梨”在某些语境下是否可能有其他意思？**

实际上，“梨”在现代汉语中几乎只指水果。但在古汉语或特定方言中，它没有其他常见引申义。

---

### 更可能的意图：你可能是指“梨”和“离”的发音相同，想区分它们？

#### 1. “梨” = Pear（水果）
- **中文：** 我吃了梨。
- **英语：** I ate a pear.
- **自然例句：**  
  > She peeled the **pear** and sliced it into thin pieces.  
  > （她把梨削皮并切成薄片。）

#### 2. “离” = Leave / Separation（离开、分离）
- **中文：** 他离开了房间。（注意：这里是“离”，不是“梨”）
- **英语：** He left the room.
- **自然例句：**  
  > Please don’t **leave** me alone in this strange place.  
  > （请不要在这个陌生的地方把我一个人留下。）

---

### 结论
在你提供的句子 **“乘船前行时肚子饿了，于是吃了梨”** 中：

- **只有一个“梨”**，它**只指水果（Pear）**。
- 不存在第二个不同含义的“梨”。

如果你是想考察**多义词**或**同音字辨析**，请提供包含两个不同含义词语的句子（例如：“我买了梨，然后离开了。”其中“梨”是水果，“离”是离开）。在这种情况下：

| 中文词 | 拼音 | 含义 | 英语翻译 | 自然英语例句 |
|--------|------|------|----------|--------------|
| **梨** | lí   | 水果 | pear     | I ate a **pear** for dessert. |
| **离** | lí   | 离开 | leave / depart | He **left** the boat to swim. |

希望这能澄清你的疑问！如果你原本想问的是其他类似“梨”的多义词（如“花”、“皮”等），请补充说明。","여기서 한 가지 오해가 있을 수 있습니다: ‘배를 타고 가다가 배가 고파서 배를 먹었다’라는 문장에서는 ‘배’라는 글자가 단 하나뿐이며, 이는 바로 과일인 ‘배’를 가리킵니다.

이 문장에서는 의미가 다른 ‘배’가 두 개 존재하지 않습니다. 아마도 중국어에서 흔히 발생하는 **동음이의어 문제**(예: ‘배’와 ‘떠나다’)를 혼동하셨거나, 이 문장이 다의어의 대표적인 예시라고 생각하셨을 수도 있습니다.

하지만 **의미가 다른 단어들을 어떻게 구별하는지**, 그리고 **영어로 자연스럽게 표현하는 방법**을 이해하실 수 있도록 두 가지 경우로 나누어 설명해드리겠습니다:

---

### 경우 1: 만약 ‘배’가 과일을 의미한다면
**의미:** 먹을 수 있는 과일(배)을 가리킵니다.  
**영어 예문:**  
> I was hungry while sailing, so I ate a **pear**.  
> (배를 타고 가다가 배가 고파서 배를 하나 먹었어요.)

---

### 경우 2: 혹시 ‘떠나다’와 ‘배’(과일)의 차이를 물어보시고 싶으셨나요?
중국어에서 ‘배’(lí, 과일)와 ‘떠나다’(lí, 분리됨)는 발음이 같습니다. 만약 원문이 “배를 타고 가다가 배가 고파서 식탁에서 **떠났다**”였다면 ‘떠나다’는 과일이 아니겠지만, 원문은 분명히 ‘배를 먹었다’고 되어 있으므로 과일만을 의미합니다.

하지만 ‘의미를 구별하고 영어 예문을 제시해달라’는 요청에 부응하기 위해, **중국어에서 헷갈리기 쉬운 동음이의어인 ‘배’(과일)와 ‘떠나다’**, 혹은 더 흔하게는 **‘배’라는 단어가 특정 문맥에서 다른 의미를 가질 수 있는지**에 대해 설명해보겠습니다.

사실 현대 중국어에서는 ‘배’는 거의 항상 과일만을 의미합니다. 고대 중국어나 특정 방언에서는 다른 파생적 의미가 있을 수 있으나, 일반적인 경우는 아닙니다.

---

### 더 가능성 높은 의도: ‘배’와 ‘떠나다’는 발음이 같으니 구별법을 알고 싶으셨나요?

#### 1. ‘배’ = Pear (과일)
- **중국어:** 나는 배를 먹었다.
- **영어:** I ate a pear.
- **자연스러운 예문:**  
  > She peeled the **pear** and sliced it into thin pieces.  
  > (그녀는 배 껍질을 벗기고 얇게 썰었다.)

#### 2. ‘떠나다’ = Leave / Separation (분리, 떠남)
- **중국어:** 그는 방에서 **떠났다**. (주의: 여기서는 ‘떠나다’이며 ‘배’가 아님)
- **영어:** He left the room.
- **자연스러운 예문:**  
  > Please don’t **leave** me alone in this strange place.  
  > (이 낯선 곳에 나 혼자 두지 말아주세요.)

---

### 결론
제시해주신 문장 **‘배를 타고 가다가 배가 고파서 배를 먹었다’**에서는:

- **‘배’라는 글자가 단 하나뿐**이며, 이는 **오직 과일(배)**만을 의미합니다.
- 의미가 다른 또 다른 ‘배’는 존재하지 않습니다.

만약 **다의어**나 **동음이의어 구별**에 관한 질문이었다면, 두 단어가 각기 다른 의미를 가진 문장(예: “나는 배를 샀고, 그다음에 **떠났다**.”)을 예로 들어주시기 바랍니다. 그럴 경우 아래와 같이 표현할 수 있습니다",33.9727,38.0517,1548,1654,106,,,,
lexical_ambiguity,어휘 중의성,4,'배를 타고 가다가 배가 고파서 배를 먹었다'라는 문장에서 각각의 '배'가 무엇을 뜻하는지 설명하고 자연스러운 영어 예문으로 의미를 구분해줘.,"In the sentence “While sailing, I got hungry and ate a pear,” please explain what each “pear” refers to, and provide natural English examples to illustrate the difference in meanings.","Actually, there is a misunderstanding in your question. In the sentence **“While sailing, I got hungry and ate a pear,”** there is only **one** instance of the word “pear.”

Therefore, **“pear” refers to only one thing: a piece of fruit (the edible part of the pear tree).**

There is no second “pear” in that sentence to explain a different meaning.

---

### However, you might be confusing this with the common **homophone confusion** between:
1. **Pear** (the fruit)
2. **Pair** (two of something)

These words sound identical but have completely different meanings. Let’s clarify both with natural examples:

#### 1. **Pear** (the fruit)
- **Meaning:** A sweet, juicy fruit with green or yellow skin.
- **Example:**  
  > “I ate a **pear** for lunch because it was delicious and healthy.”

#### 2. **Pair** (two items or people)
- **Meaning:** Two things or people that are matched, associated, or considered together.
- **Example:**  
  > “I bought a **pair** of shoes to go with my new outfit.”

---

### Why the Confusion Might Arise
Sometimes people mistakenly write or say “pear” when they mean “pair,” especially in informal speech. For example:
- ❌ Incorrect: “I lost a **pear** of socks.”  
  (This would literally mean you lost two socks *shaped like pears*, which is nonsensical.)
- ✅ Correct: “I lost a **pair** of socks.”  
  (This means you lost two matching socks.)

---

### Final Clarification
In your original sentence:  
> “While sailing, I got hungry and ate a **pear**.”

- **“Pear”** = the fruit.  
- There is no second “pear” or hidden meaning. The sentence simply states that the speaker ate a piece of fruit while on a boat.

If you meant to ask about a sentence with **both** “pear” and “pair,” please provide that sentence, and I’ll be happy to explain the difference!","사실, 질문에 약간의 오해가 있는 것 같습니다. “배를 타고 있을 때 배가 고파서 배를 하나 먹었어요.”라는 문장에서 “배”라는 단어는 **단 한 번만** 나옵니다.

따라서 “배”는 오직 하나의 것, 즉 과일(배나무에서 나오는 식용 부분)을 의미합니다.

그 문장에는 다른 의미를 나타내는 두 번째 “배”는 존재하지 않습니다.

---

### 하지만, 아마도 다음 두 단어의 혼동 때문에 그런 오해가 생겼을 수도 있습니다:
1. **Pear** (과일인 배)  
2. **Pair** (둘씩 짝을 이루는 것)

이 두 단어는 발음은 똑같지만 의미는 전혀 다릅니다. 각각을 자연스러운 예문과 함께 설명해보겠습니다.

#### 1. **Pear** (과일인 배)
- **의미:** 녹색 또는 노란색 껍질을 가진 달콤하고 수분이 많은 과일입니다.  
- **예문:**  
  > “점심으로 맛도 좋고 건강에도 좋은 **배**를 먹었어요.”

#### 2. **Pair** (둘씩 짝을 이루는 것)
- **의미:** 서로 어울리거나 함께 생각되는 두 개의 물건이나 사람을 의미합니다.  
- **예문:**  
  > “새 옷에 어울리도록 **한 쌍의** 신발을 샀어요.”

---

### 왜 혼동이 생길 수 있는가?
때때로 사람들은 비격식적인 대화 중에 “pair”를 의미할 때 실수로 “pear”라고 쓰거나 말하기도 합니다. 예를 들어:
- ❌ 잘못된 예: “양말 **배** 하나를 잃어버렸어요.”  
  (이건 말 그대로 ‘배 모양의 양말’ 두 개를 잃어버렸다는 뜻인데, 말이 안 되죠.)
- ✅ 올바른 예: “양말 **한 쌍**을 잃어버렸어요.”  
  (이건 양말 두 개를 잃어버렸다는 뜻입니다.)

---

### 마지막 정리
원래 문장에서는:  
> “배를 타고 있을 때 배가 고파서 **배**를 하나 먹었어요.”

- 여기서 “배”는 과일을 의미합니다.  
- 두 번째 “배”나 숨겨진 의미는 전혀 없습니다. 그저 배 위에서 과일을 먹었다는 내용일 뿐입니다.

만약 “pear”와 “pair”가 둘 다 사용된 문장에 대해 궁금하시다면, 그 문장을 알려주시면 기꺼이 차이점을 설명해드리겠습니다!",在“乘船前行时肚子饿了，于是吃了梨”这个句子中，请分别解释每个“梨”的含义，并给出自然的英语例句来区分其意思。,"这里存在一个语言逻辑上的误解，我需要先澄清：**在中文句子“乘船前行时肚子饿了，于是吃了梨”中，只出现了一个“梨”字。**

因此，不存在“分别解释每个‘梨’的含义”的情况，因为只有一个“梨”。

不过，我猜你可能想问的是：
1. 这个“梨”指的是什么？（即名词含义）
2. 或者，你是否想区分中文里同音字“梨”和“离/礼/李”等？
3. 又或者，你是否想区分“梨”在英语中可能对应的不同概念（如水果 pear vs. 其他用法）？

下面我将从最可能的角度为你解答：

---

### ✅ 正确理解：“梨”在句中的含义

- **中文**：“梨”在这里是名词，指一种水果（pear），即可食用的、通常呈黄色或绿色的果实。
- **语境**：主人公乘船时饿了，所以吃了一种叫“梨”的水果来充饥。

---

### 🌍 英语中“梨”的表达与例句

在英语中，“梨”对应的单词是 **pear**（名词，指水果）。

#### 例句：
> I was hungry while sailing, so I ate a pear.  
> （乘船时我肚子饿了，于是吃了一个梨。）

---

### ⚠️ 可能的混淆点：中文同音字 vs. 英语多义词

如果你是想区分中文里容易混淆的同音字，以下是常见情况：

| 汉字 | 拼音 | 含义 | 英语对应 |
|------|------|------|----------|
| 梨   | lí   | 水果 pear | a pear (the fruit) |
| 离   | lí   | 离开，距离 | leave, away from |
| 礼   | lǐ   | 礼貌，礼物 | politeness, gift |
| 李   | lǐ   | 姓氏，李子 | surname Li, plum (sometimes) |

#### 自然英语例句区分：
- **梨（fruit）**：I ate a **pear** because I was hungry.  
- **离（leave/distance）**：He left the boat to walk on shore. / The island is far away.  
- **礼（politeness）**：She showed good manners by saying thank you.  
- **李（surname/plum）**：My friend is named Li. / We picked plums from the tree.（注意：李子通常是 plum，不是 pear）

---

### ✅ 总结

- 原句中的“梨”仅指**水果 pear**。
- 英语中统一用 **pear** 表示这种水果。
- 如果涉及同音字混淆，需根据上下文判断是“梨、离、礼、李”中的哪一个。

如你有其他特定语境或想区分的是其他词汇，请补充说明，我可以进一步帮助！","여기서 언어적 논리에 관한 오해가 하나 있는데, 먼저 명확히 해두고 싶습니다: **“배를 타고 가다가 배가 고파서 배를 먹었다”라는 중국어 문장에서는 ‘배’라는 단어가 단 한 번만 나옵니다.**

따라서 ‘각각의 “배”가 무슨 뜻인지 설명해야 한다’는 상황은 존재하지 않습니다. ‘배’가 단 하나뿐이기 때문이죠.

다만, 제 생각에 당신이 궁금해하시는 것은 아마도 다음과 같을 것 같습니다:
1. 이 ‘배’가 무엇을 의미하는가? (즉, 명사로서의 의미)
2. 아니면 중국어에서 발음이 같은 ‘배’와 ‘리/례/이’ 같은 글자들을 구분하고 싶으신가요?
3. 혹은 영어에서 ‘배’가 가질 수 있는 여러 가지 의미(과일 ‘pear’와 기타 용법 등)를 구분하고 싶으신가요?

아래에서 가장 가능성이 높은 관점에서 답변드리겠습니다:

---

### ✅ 올바른 이해: 문장 속 ‘배’의 의미

- **중국어**: 여기서 ‘배’는 명사로서 과일, 즉 ‘pear’를 의미합니다. 먹을 수 있는 과일로서 보통 노란색이나 녹색을 띠죠.
- **맥락**: 주인공이 배를 타고 가다가 배가 고파서 ‘배’라는 과일을 먹어서 허기를 달랬습니다.

---

### 🌍 영어에서 ‘배’의 표현 및 예문

영어에서 ‘배’에 해당하는 단어는 **pear**입니다(명사로서 과일을 뜻함).

#### 예문:
> I was hungry while sailing, so I ate a pear.  
> (배를 타고 가다가 배가 고파서 배를 하나 먹었어요.)

---

### ⚠️ 혼동될 수 있는 점: 중국어의 동음이의어 vs. 영어의 다의어

만약 중국어에서 헷갈리기 쉬운 동음이의어들을 구분하고 싶으시다면, 다음과 같은 경우들이 있습니다:

| 한자 | 병음 | 의미 | 영어 대응 |
|------|------|------|----------|
| 梨   | lí   | 과일 ‘배’ | a pear (the fruit) |
| 离   | lí   | 떠나다, 거리 | leave, away from |
| 礼   | lǐ   | 예의, 선물 | politeness, gift |
| 李   | lǐ   | 성씨, 자두 | surname Li, plum (sometimes) |

#### 영어 예문으로 구분하기:
- **배(과일)**: I ate a **pear** because I was hungry.  
- **떠나다/거리**: He left the boat to walk on shore. / The island is far away.  
- **예의**: She showed good manners by saying thank you.  
- **성씨/자두**: My friend is named Li. / We picked plums from the tree. (참고: 자두는 보통 ‘plum’이며 ‘pear’는 아닙니다.)

---

### ✅ 요약

- 원문 속 ‘배’는 오직 **과일 ‘pear’**만을 의미합니다.
- 영어에서는 이 과일을 일률적으로 **pear**로 표현합니다.
- 동음이의어로 헷갈릴 가능성이 있다면 문맥에 따라 ‘배, 떠나다, 예의, 성씨’ 중 어느 것을 의미하는지 판단해야 합니다.

만약 다른 특정 맥락이나 구분하고 싶은 단어가 있다면 추가로 알려주시면 더 도와드리겠습니다!",23.9809,32.3039,1065,1617,552,,,,
summarization,요약,1,"다음 내용을 핵심 원인과 결과가 드러나도록 한 문장으로 요약해줘: 한 지역 도서관이 운영 시간을 밤 10시까지 연장했더니 직장인 이용자가 크게 늘었고, 이에 따라 저녁 시간대 프로그램과 좌석을 추가로 확대하기로 했다.","Extending its operating hours to 10 p.m. led to a significant increase in working professionals using the local library, prompting plans to add more evening programs and seating.","This statement is **logically consistent** and presents a clear cause-and-effect relationship. Here’s a breakdown:

1.  **Action:** The library extended its operating hours to 10 p.m.
2.  **Direct Result:** This led to a significant increase in working professionals using the library (presumably because they can now visit after their workday).
3.  **Consequence/Response:** The increased demand (specifically from this new demographic) prompted the library to plan for more evening programs and additional seating.

The logic holds up: extending hours makes the library accessible to people who work during the day, which increases usage, and that increased usage justifies expanding evening resources. There are no contradictions or logical errors in the statement.","이 문장은 **논리적으로 일관성**이 있으며 명확한 원인과 결과의 관계를 보여줍니다. 자세히 살펴보겠습니다:

1. **행동:** 도서관의 운영 시간이 밤 10시까지 연장되었습니다.  
2. **직접적인 결과:** 그 결과, 직장인들 중 도서관을 이용하는 사람들의 수가 크게 증가했습니다(아마도 근무 시간 이후에 방문할 수 있게 되었기 때문일 것입니다).  
3. **결과/대응 조치:** 이러한 새로운 이용층의 수요 증가에 힘입어 도서관은 저녁 시간대에 진행할 프로그램을 늘리고 좌석도 추가로 마련하기로 계획했습니다.

논리적으로 타당합니다: 운영 시간을 연장함으로써 낮에 일하는 사람들도 도서관을 이용할 수 있게 되어 이용률이 높아지고, 이로 인해 저녁 시간대의 서비스 확대가 정당화됩니다. 이 문장에는 모순이나 논리적 오류가 전혀 없습니다.",请用一句话来概括以下内容，要能体现出其核心原因与结果：某地区的图书馆将营业时间延长至晚上10点后，结果上班族顾客数量显著增加，于是图书馆决定在晚间时段增加相关活动与座位。,因延长营业至晚间10点后显著增加了上班族客流，图书馆遂决定在晚间时段增配活动与座位。,"영업 시간을 밤 10시까지 연장함으로써 직장인 방문객이 현저히 증가하자, 도서관은 저녁 시간대에 다양한 행사와 좌석을 추가로 마련하기로 결정했습니다.",9.3508,3.1376,417,83,-334,,,,
summarization,요약,2,"다음 내용을 핵심 원인과 결과가 드러나도록 한 문장으로 요약해줘: 한 지역 도서관이 운영 시간을 밤 10시까지 연장했더니 직장인 이용자가 크게 늘었고, 이에 따라 저녁 시간대 프로그램과 좌석을 추가로 확대하기로 했다.","Summarize the following in one sentence that highlights the main cause and effect: After extending its operating hours to 10 p.m., a local library saw a significant increase in working professionals; as a result, it plans to add more evening programs and seating.","The local library's decision to extend its operating hours to 10 p.m. resulted in a significant increase in working professional visitors, which is prompting the institution to plan additional evening programs and seating.","지역 도서관에서 운영 시간을 밤 10시까지 연장하기로 결정한 이후, 직장인 방문객이 크게 증가했습니다. 이에 도서관 측은 저녁 시간대에 진행할 프로그램과 좌석도 추가로 마련할 계획입니다.",请用一句话来概括以下内容，要能体现出其核心原因与结果：某地区的图书馆将开放时间延长至晚上10点后，结果上班族读者数量显著增加，因此图书馆决定在晚间时段增加相关活动项目与座位。,某地区图书馆延长晚间开放时间，导致上班族读者数量显著增加，进而促使馆方在晚间时段增设活动项目与座位。,"한 지역 도서관에서 야간 개방 시간을 연장하자 직장인 독자들의 수가 크게 증가했고, 이로 인해 도서관 측은 야간 시간대에 다양한 행사와 좌석을 추가로 마련하게 되었다.",3.8195,3.2738,104,93,-11,,,,
summarization,요약,3,"다음 내용을 핵심 원인과 결과가 드러나도록 한 문장으로 요약해줘: 한 지역 도서관이 운영 시간을 밤 10시까지 연장했더니 직장인 이용자가 크게 늘었고, 이에 따라 저녁 시간대 프로그램과 좌석을 추가로 확대하기로 했다.","Extending its operating hours to 10 p.m. led to a significant increase in working professionals using the local library, prompting plans to add more evening programs and seating.","This statement highlights a positive correlation between extended operating hours and increased patronage among working professionals. By staying open until 10 p.m., the local library has better accommodated individuals who are unable to visit during standard daytime hours due to work or other commitments.

The significant rise in usage has validated the decision and is now driving further improvements, specifically:
1.  **More evening programs**: To leverage the new foot traffic and engage users during their available time.
2.  **Additional seating**: To ensure comfort and capacity for the increased number of visitors during extended hours.

This is a common strategy for public libraries aiming to remain relevant and accessible in modern, busy lifestyles.","이 보고서는 운영 시간 연장과 직장인들의 도서관 이용 증가 사이에 긍정적인 상관관계가 있음을 보여줍니다. 저녁 10시까지 문을 열음으로써, 지역 도서관은 업무나 기타 사정으로 인해 낮 시간대에 방문할 수 없는 사람들의 요구에 더 잘 부응할 수 있게 되었습니다.

이용률의 현저한 증가는 이러한 결정이 옳았음을 입증했으며, 현재 다음과 같은 추가 개선 사업으로 이어지고 있습니다:
1. **더 많은 저녁 프로그램**: 늘어난 방문객들을 활용하여 그들이 이용할 수 있는 시간대에 적합한 프로그램을 제공하기 위함입니다.
2. **좌석 추가**: 연장된 운영 시간 동안 늘어난 방문객들이 편안하게 이용할 수 있도록 좌석 수를 늘리는 것입니다.

이는 현대 사회의 바쁜 생활 양식 속에서도 대중에게 친숙하고 접근하기 쉬운 공공도서관이 되기 위한 일반적인 전략입니다.",请用一句话来概括以下内容，要能体现出其根本原因和结果：某地区的图书馆将开放时间延长至晚上10点后，结果上班族顾客数量显著增加，于是图书馆决定在晚间时段增加相关活动项目与座位。,由于图书馆延长晚间开放时间，导致上班族客流显著增加，进而促使馆方在夜间时段增设活动与座位以应对需求。,"도서관의 야간 개방 시간 연장으로 인해 직장인 방문객이 크게 증가했으며, 이에 따라 도서관 측은 수요에 대응하기 위해 야간 시간대에 행사와 좌석을 추가로 마련하게 되었습니다.",8.7617,3.2905,423,97,-326,,,,
summarization,요약,4,"다음 내용을 핵심 원인과 결과가 드러나도록 한 문장으로 요약해줘: 한 지역 도서관이 운영 시간을 밤 10시까지 연장했더니 직장인 이용자가 크게 늘었고, 이에 따라 저녁 시간대 프로그램과 좌석을 추가로 확대하기로 했다.","Summarize the following in one sentence that clearly conveys the main cause and effect: After extending its operating hours to 10 p.m., a local library saw a significant increase in working professionals; as a result, it plans to add more evening programs and seats.",The local library plans to add more evening programs and seats because extending its operating hours to 10 p.m. led to a significant increase in working professionals.,"지역 도서관은 운영 시간을 밤 10시까지 연장한 결과 직장인들의 방문이 크게 늘어났기 때문에, 저녁 시간대 프로그램과 좌석 수를 더 늘릴 계획입니다.",请用一句话来概括以下内容，要能体现出其核心原因与结果：某地区的图书馆将营业时间延长至晚上10点后，结果上班族顾客数量显著增加，于是图书馆决定在晚间时段增加相关活动和座位数量。,某地区图书馆延长营业时间至晚10点后，因上班族客流显著增加，进而决定在晚间时段增设活动与座位。,"한 지역 도서관에서 운영 시간을 밤 10시까지 연장한 결과, 직장인 방문객이 크게 증가하자 저녁 시간대에 행사와 좌석을 추가하기로 결정했다.",3.517,3.2034,83,78,-5,,,,
numerical_planning,수치 계산과 계획,1,총예산 120만 원으로 8명이 2박 3일 여행을 간다. 숙박비가 1인당 8만 원이고 교통비가 1인당 3만 원이라면 남는 식비 예산과 1인당 하루 식비를 계산해줘.,"With a total budget of 1.2 million won, 8 people are going on a 2-night, 3-day trip. If the accommodation cost is 80,000 won per person and the transportation cost is 30,000 won per person, please calculate the remaining budget for food and the daily food expense per person.","To determine the remaining budget for food and the daily food expense per person, we can break the problem down into logical steps.

### Step 1: Calculate Total Fixed Costs
First, we calculate the total cost for accommodation and transportation for all 8 people.

*   **Accommodation per person:** 80,000 won
*   **Transportation per person:** 30,000 won
*   **Total fixed cost per person:** $80,000 + 30,000 = 110,000$ won

Since there are 8 people:
$$ \text{Total Fixed Costs} = 110,000 \times 8 = 880,000 \text{ won} $$

### Step 2: Calculate Remaining Budget for Food
Next, we subtract the total fixed costs from the total budget.

*   **Total Budget:** 1,200,000 won
*   **Total Fixed Costs:** 880,000 won

$$ \text{Remaining Budget for Food} = 1,200,000 - 880,000 = 320,000 \text{ won} $$

### Step 3: Calculate Daily Food Expense Per Person
The trip is a **2-night, 3-day** trip. This means there are 3 days of food expenses to cover (Day 1, Day 2, and Day 3).

*   **Remaining Budget for Food:** 320,000 won
*   **Number of People:** 8
*   **Number of Days:** 3

First, find the total food budget per person:
$$ \text{Food Budget Per Person} = \frac{320,000}{8} = 40,000 \text{ won} $$

Next, divide by the number of days to find the daily expense:
$$ \text{Daily Food Expense Per Person} = \frac{40,000}{3} \approx 13,333.33 \text{ won} $$

### Final Conclusion

*   **Remaining Budget for Food:** 320,000 won
*   **Daily Food Expense Per Person:** Approximately **13,333 won** (or exactly $13,333 \frac{1}{3}$ won)","식비로 사용할 수 있는 남은 예산과 1인당 일일 식비를 구하기 위해, 문제를 논리적인 단계로 나누어 해결할 수 있습니다.

### 1단계: 고정 비용 총액 계산
먼저, 8명 모두의 숙박비와 교통비를 합산하여 고정 비용의 총액을 계산합니다.

*   **1인당 숙박비:** 80,000원
*   **1인당 교통비:** 30,000원
*   **1인당 고정 비용 총액:** 80,000 + 30,000 = 110,000원

인원이 8명이므로:
$$ \text{고정 비용 총액} = 110,000 \times 8 = 880,000 \text{원} $$

### 2단계: 식비로 사용할 수 있는 남은 예산 계산
다음으로, 총 예산에서 고정 비용 총액을 빼서 식비로 사용할 수 있는 예산을 구합니다.

*   **총 예산:** 1,200,000원
*   **고정 비용 총액:** 880,000원

$$ \text{식비로 사용할 수 있는 남은 예산} = 1,200,000 - 880,000 = 320,000 \text{원} $$

### 3단계: 1인당 일일 식비 계산
이번 여행은 **2박 3일** 일정이므로, 식비 지출은 총 3일분(1일차, 2일차, 3일차)입니다.

*   **식비로 사용할 수 있는 남은 예산:** 320,000원
*   **인원 수:** 8명
*   **일수:** 3일

먼저 1인당 식비 예산을 구합니다:
$$ \text{1인당 식비 예산} = \frac{320,000}{8} = 40,000 \text{원} $$

그 다음 일수로 나누어 1인당 일일 식비를 구합니다:
$$ \text{1인당 일일 식비} = \frac{40,000}{3} \approx 13,333.33 \text{원} $$

### 최종 결론

*   **식비로 사용할 수 있는 남은 예산:** 320,000원
*   **1인당 일일 식비:** 약 **13,333원** (정확히는 13,333 $\frac{1}{3}$원)",总预算为120万韩元，8个人将进行为期2晚3天的旅行。如果每人住宿费为8万韩元，交通费为3万韩元，那么请计算出剩余的餐费预算以及每人每天的餐费金额。,"我们可以通过以下步骤逐步计算剩余的餐费预算以及每人每天的餐费金额：

### 1. 计算总住宿费
*   人数：8人
*   每人住宿费：8万韩元
*   总住宿费 = $8 \times 8\text{万} = 64\text{万韩元}$

### 2. 计算总交通费
*   人数：8人
*   每人交通费：3万韩元
*   总交通费 = $8 \times 3\text{万} = 24\text{万韩元}$

### 3. 计算已花费的总预算（住宿 + 交通）
*   已花费总额 = $64\text{万} + 24\text{万} = 88\text{万韩元}$

### 4. 计算剩余的餐费总预算
*   总预算：120万韩元
*   剩余餐费预算 = $120\text{万} - 88\text{万} = 32\text{万韩元}$

### 5. 计算每人每天的餐费金额
*   旅行天数：3天（2晚3天通常指包含出发日和返回日，共经历3个白天）
*   人数：8人
*   总人天数 = $3\text{天} \times 8\text{人} = 24\text{人·天}$
*   每人每天餐费 = $\frac{\text{剩余餐费总预算}}{\text{总人天数}} = \frac{32\text{万韩元}}{24}$

进行除法计算：
$$ \frac{320,000}{24} = 13,333.33... \text{韩元} $$

通常在实际预算中，我们会取整数或保留两位小数。

### 最终结论
1.  **剩余的餐费总预算**：**32万韩元**
2.  **每人每天的餐费金额**：约 **13,333韩元**（或精确为 13,333.33韩元）

---
**建议**：在实际执行中，你可以将每人每天的餐费预算定为 **13,000韩元** 或 **14,000韩元**，以便更简单地管理现金和记账。
*   若定为13,000韩元/人/天：总餐费 = $13,000 \times 24 = 312,000$韩元（剩余8,000韩元结余）
*   若定为14,000韩元/人/天：总餐费 = $14,000 \times 24 = 336,000$韩元（超出预算16,000韩元，需谨慎）

因此，最稳妥的单人单日餐费预算是 **13,000韩元** 左右。","다음 단계에 따라 남은 식비 예산과 1인당 1일 식비 금액을 차례대로 계산할 수 있습니다:

### 1. 총 숙박비 계산
*   인원: 8명
*   1인당 숙박비: 8만 원
*   총 숙박비 = $8 \times 8\text{만} = 64\text{만 원}$

### 2. 총 교통비 계산
*   인원: 8명
*   1인당 교통비: 3만 원
*   총 교통비 = $8 \times 3\text{만} = 24\text{만 원}$

### 3. 이미 지출된 총 예산(숙박 + 교통) 계산
*   이미 지출된 총액 = $64\text{만} + 24\text{만} = 88\text{만 원}$

### 4. 남은 식비 총 예산 계산
*   총 예산: 120만 원
*   남은 식비 예산 = $120\text{만} - 88\text{만} = 32\text{만 원}$

### 5. 1인당 1일 식비 금액 계산
*   여행 일수: 3일 (2박 3일은 보통 출발일과 귀환일을 포함하여 총 3번의 낮을 의미합니다)
*   인원: 8명
*   총 인-일 수 = $3\text{일} \times 8\text{명} = 24\text{인·일}$
*   1인당 1일 식비 = $\frac{\text{남은 식비 총 예산}}{\text{총 인-일 수}} = \frac{32\text{만 원}}{24}$

나눗셈 계산:
$$ \frac{320,000}{24} = 13,333.33... \text{원} $$

실제 예산 수립 시에는 보통 정수로 반올림하거나 소수점 둘째 자리까지 표기합니다.

### 최종 결론
1.  **남은 식비 총 예산**: **32만 원**
2.  **1인당 1일 식비 금액**: 약 **13,333원** (또는 정확히 13,333.33원)

---
**제안**: 실제 실행 시에는 현금 관리와 기록을 더 용이하게 하기 위해 1인당 1일 식비 예산을 **13,000원** 또는 **14,000원**으로 설정하는 것이 좋습니다.
*   ​13,000원/인/일로 설정할 경우: 총 식비 = $13,000 \times 24 = 312,000$원 (8,000원의 잔액 발생)
*   ​14,000원/인/일로 설정할 경우: 총 식비 = $14,000 \times 24 = 336,000$원 (예산을 16,000원 초과하므로 신중히 결정해야 합니다)

따라서 가장 안전한 1인당 1일 식비 예산은 **13,000원** 정도가 됩니다.",26.2328,32.5476,955,1185,230,,,,
numerical_planning,수치 계산과 계획,2,총예산 120만 원으로 8명이 2박 3일 여행을 간다. 숙박비가 1인당 8만 원이고 교통비가 1인당 3만 원이라면 남는 식비 예산과 1인당 하루 식비를 계산해줘.,"With a total budget of 1.2 million won, 8 people are going on a 2-night, 3-day trip. If the accommodation cost is 80,000 won per person and the transportation cost is 30,000 won per person, please calculate the remaining budget for food and the daily food budget per person.","Here is the step-by-step calculation to determine the remaining budget for food and the daily food budget per person.

### Step 1: Calculate Total Accommodation Cost
*   Cost per person: 80,000 KRW
*   Number of people: 8
*   Total accommodation = $80,000 \times 8 = 640,000$ KRW

### Step 2: Calculate Total Transportation Cost
*   Cost per person: 30,000 KRW
*   Number of people: 8
*   Total transportation = $30,000 \times 8 = 240,000$ KRW

### Step 3: Calculate Total Known Expenses
*   Total known expenses = Total accommodation + Total transportation
*   Total known expenses = $640,000 + 240,000 = 880,000$ KRW

### Step 4: Calculate Remaining Budget for Food
*   Total budget: 1,200,000 KRW
*   Remaining budget = Total budget - Total known expenses
*   Remaining budget = $1,200,000 - 880,000 = 320,000$ KRW

### Step 5: Calculate Daily Food Budget Per Person
*   Remaining budget for food: 320,000 KRW
*   Number of people: 8
*   Number of days: 3

First, calculate the total food budget per person:
$$ \text{Food budget per person} = \frac{320,000}{8} = 40,000 \text{ KRW} $$

Then, divide by the number of days to get the daily budget:
$$ \text{Daily food budget per person} = \frac{40,000}{3} \approx 13,333.33 \text{ KRW} $$

### Final Answer
*   **Remaining budget for food (total):** 320,000 KRW
*   **Daily food budget per person:** Approximately 13,333 KRW (or exactly $13,333\frac{1}{3}$ KRW)","다음은 식비로 사용할 수 있는 남은 예산과 1인당 일일 식비 예산을 산출하는 단계별 계산법입니다.

### 1단계: 숙박비 총액 계산
*   ㄱ인당 비용: 80,000원
*   인원 수: 8명
*   숙박비 총액 = 80,000원 × 8 = 640,000원

### 2단계: 교통비 총액 계산
*   ㄱ인당 비용: 30,000원
*   인원 수: 8명
*   교통비 총액 = 30,000원 × 8 = 240,000원

### 3단계: 이미 알려진 지출 총액 계산
*   이미 알려진 지출 총액 = 숙박비 총액 + 교통비 총액
*   이미 알려진 지출 총액 = 640,000원 + 240,000원 = 880,000원

### 4단계: 식비로 사용할 수 있는 남은 예산 계산
*   전체 예산: 1,200,000원
*   남은 예산 = 전체 예산 – 이미 알려진 지출 총액
*   남은 예산 = 1,200,000원 – 880,000원 = 320,000원

### 5단계: 1인당 일일 식비 예산 계산
*   식비로 사용할 수 있는 남은 예산: 320,000원
*   인원 수: 8명
*   일수: 3일

먼저 1인당 총 식비 예산을 계산합니다:
$$ \text{1인당 식비 예산} = \frac{320,000}{8} = 40,000 \text{원} $$

그런 다음, 일수로 나누어 1인당 일일 식비 예산을 구합니다:
$$ \text{1인당 일일 식비 예산} = \frac{40,000}{3} \approx 13,333.33 \text{원} $$

### 최종 결과
*   **식비로 사용할 수 있는 남은 예산 (총액):** 320,000원
*   **1인당 일일 식비 예산:** 약 13,333원 (정확히는 13,333$\frac{1}{3}$원)",总预算为120万韩元，8个人将进行为期2晚3天的旅行。如果每个人的住宿费是8万韩元，交通费是3万韩元，那么请计算出剩余的餐饮预算以及每个人每天的餐饮费用。,"我们可以通过以下步骤来计算剩余的餐饮预算以及每个人每天的餐饮费用：

### 1. 计算总住宿费
*   人数：8人
*   每人住宿费：8万韩元
*   总住宿费 = $8 \times 8 = 64$ 万韩元

### 2. 计算总交通费
*   人数：8人
*   每人交通费：3万韩元
*   总交通费 = $8 \times 3 = 24$ 万韩元

### 3. 计算已使用的总预算（住宿+交通）
*   已使用预算 = 总住宿费 + 总交通费
*   已使用预算 = $64 + 24 = 88$ 万韩元

### 4. 计算剩余的餐饮预算
*   总预算：120万韩元
*   剩余餐饮预算 = 总预算 - 已使用预算
*   剩余餐饮预算 = $120 - 88 = 32$ 万韩元

### 5. 计算每个人每天的餐饮费用
*   剩余总餐饮预算：32万韩元
*   人数：8人
*   旅行天数：题目中说是“2晚3天”，通常餐饮预算按**天数**计算（即第1天、第2天、第3天的餐费）。
    *   总人天 = $8 \text{人} \times 3 \text{天} = 24$ 人天
*   每人每天餐饮费用 = 剩余总餐饮预算 / 总人天
    *   每人每天餐饮费用 = $320,000 \text{韩元} / 24 \approx 13,333.33$ 韩元

*(注：如果餐饮只按“过夜晚数”计算，则天数为2天，但通常旅行预算中的餐饮是按实际经历的天数（3天）来分摊的。以下提供两种常见理解，但**按3天计算更符合常规旅行预算逻辑**。)*

**若按3天计算（推荐）：**
$$ \frac{320,000}{8 \times 3} = \frac{320,000}{24} \approx 13,333.33 \text{ 韩元/人/天} $$

**若严格按“2晚”计算（较少见，仅供参考）：**
$$ \frac{320,000}{8 \times 2} = \frac{320,000}{16} = 20,000 \text{ 韩元/人/天} $$

### 最终答案：
*   **剩余的餐饮预算**：**32万韩元**（即 320,000 韩元）
*   **每个人每天的餐饮费用**：**约 13,333 韩元**（按3天计算）

建议在实际执行中，每人每天预留 **13,000 - 14,000韩元** 的餐饮预算，并保留少量弹性空间。","다음 단계에 따라 남은 식비 예산과 1인당 하루 식비를 계산할 수 있습니다:

### 1. 총 숙박비 계산
*   인원수: 8명
*   1인당 숙박비: 8만 원
*   총 숙박비 = $8 \times 8 = 64$만 원

### 2. 총 교통비 계산
*   인원수: 8명
*   1인당 교통비: 3만 원
*   총 교통비 = $8 \times 3 = 24$만 원

### 3. 이미 사용된 총 예산(숙박+교통) 계산
*   사용된 예산 = 총 숙박비 + 총 교통비
*   사용된 예산 = $64 + 24 = 88$만 원

### 4. 남은 식비 예산 계산
*   총 예산: 120만 원
*   남은 식비 예산 = 총 예산 - 사용된 예산
*   남은 식비 예산 = $120 - 88 = 32$만 원

### 5. 1인당 하루 식비 계산
*   남은 총 식비 예산: 32만 원
*   인원수: 8명
*   여행 일수: 문제에서 “2박 3일”이라고 했으므로, 보통 식비 예산은 **일수**를 기준으로 계산합니다(즉, 1일차, 2일차, 3일차의 식사비).
    *   총 인-일 수 = $8 \text{명} \times 3 \text{일} = 24$ 인-일
*   1인당 하루 식비 = 남은 총 식비 예산 / 총 인-일 수
    *   1인당 하루 식비 = $320,000 \text{원} / 24 \approx 13,333.33$원

*(참고: 만약 식비가 “박수”만을 기준으로 계산된다면 일수는 2일이 됩니다. 하지만 일반적으로 여행 예산에서 식비는 실제로 경험하는 일수(3일)를 기준으로 분배됩니다. 아래에 두 가지 흔한 계산 방식을 제시하지만, **3일을 기준으로 하는 것이 일반적인 여행 예산의 논리에 더 부합합니다**.)*

**3일을 기준으로 계산할 경우 (추천):**
$$ \frac{320,000}{8 \times 3} = \frac{320,000}{24} \approx 13,333.33 \text{ 원/인/일} $$

**“2박”만을 엄격히 기준으로 계산할 경우 (드물게 사용되며 참고용입니다):**
$$ \frac{320,000}{8 \times 2} = \frac{320,000}{16} = 20,000 \text{ 원/인/일} $$

### 최종 답변:
*   **남은 식비 예산**: **32만 원** (즉, 320,000원)
*   **1인당 하루 식비**: **약 13,333원** (3일을 기준으로 계산한 값)

실제 준비 시에는 1인당 하루에 **13,000 - 14,000원**의 식비 예산을 잡고, 약간의 여유분을 남겨두는 것이 좋습니다.",25.1034,33.8616,864,1273,409,,,,
numerical_planning,수치 계산과 계획,3,총예산 120만 원으로 8명이 2박 3일 여행을 간다. 숙박비가 1인당 8만 원이고 교통비가 1인당 3만 원이라면 남는 식비 예산과 1인당 하루 식비를 계산해줘.,"With a total budget of 1.2 million won, 8 people are going on a 2-night, 3-day trip. If the accommodation cost is 80,000 won per person and the transportation cost is 30,000 won per person, please calculate the remaining food budget and the daily food budget per person.","To determine the remaining food budget and the daily food budget per person, we will break down the costs step-by-step.

### Step 1: Calculate the total cost for accommodation and transportation per person

First, we find the sum of accommodation and transportation costs for one individual.

*   **Accommodation cost per person:** 80,000 won
*   **Transportation cost per person:** 30,000 won

$$ \text{Total non-food cost per person} = 80,000 + 30,000 = 110,000 \text{ won} $$

### Step 2: Calculate the total expenditure for accommodation and transportation for all 8 people

Now, we multiply the individual non-food cost by the total number of people (8).

$$ \text{Total non-food expenditure} = 110,000 \times 8 = 880,000 \text{ won} $$

### Step 3: Calculate the remaining food budget for the group

Subtract the total non-food expenditure from the total budget to find out how much money is left for food.

*   **Total Budget:** 1,200,000 won
*   **Total non-food expenditure:** 880,000 won

$$ \text{Remaining Food Budget (Total)} = 1,200,000 - 880,000 = 320,000 \text{ won} $$

### Step 4: Calculate the daily food budget per person

Finally, we divide the total remaining food budget by the number of people and then by the number of days to find the per-person, per-day amount.

*   **Total Remaining Food Budget:** 320,000 won
*   **Number of People:** 8
*   **Number of Days:** 3

First, calculate the total food budget per person:
$$ \text{Food budget per person} = \frac{320,000}{8} = 40,000 \text{ won} $$

Then, calculate the daily food budget per person:
$$ \text{Daily food budget per person} = \frac{40,000}{3} \approx 13,333.33 \text{ won} $$

### Final Conclusion

*   **Remaining Food Budget (for the group):** 320,000 won
*   **Daily Food Budget per Person:** Approximately **13,333 won** (or exactly $40,000/3$ won)","남은 식비 예산과 1인당 일일 식비 예산을 산출하기 위해, 단계별로 비용을 계산해보겠습니다.

### 1단계: 1인당 숙박 및 교통비 총액 계산

먼저, 1인당 숙박비와 교통비의 합계를 구합니다.

*   **1인당 숙박비:** 80,000원
*   **1인당 교통비:** 30,000원

$$ \text{1인당 비식비 총액} = 80,000 + 30,000 = 110,000 \text{원} $$

### 2단계: 8명 전체의 숙박 및 교통비 총지출액 계산

이제 1인당 비식비 금액에 인원 수(8명)를 곱합니다.

$$ \text{비식비 총지출액} = 110,000 \times 8 = 880,000 \text{원} $$

### 3단계: 그룹 전체의 남은 식비 예산 계산

전체 예산에서 비식비 총지출액을 빼면 식비로 사용할 수 있는 금액이 나옵니다.

*   **전체 예산:** 1,200,000원
*   **비식비 총지출액:** 880,000원

$$ \text{남은 식비 예산 (전체)} = 1,200,000 - 880,000 = 320,000 \text{원} $$

### 4단계: 1인당 일일 식비 예산 계산

마지막으로, 남은 식비 예산을 인원 수와 일수로 나누어 1인당 1일 기준 식비 예산을 구합니다.

*   **남은 식비 예산:** 320,000원
*   **인원 수:** 8명
*   **일수:** 3일

먼저 1인당 식비 예산을 계산합니다:
$$ \text{1인당 식비 예산} = \frac{320,000}{8} = 40,000 \text{원} $$

그런 다음 1인당 일일 식비 예산을 계산합니다:
$$ \text{1인당 일일 식비 예산} = \frac{40,000}{3} \approx 13,333.33 \text{원} $$

### 최종 결론

*   **남은 식비 예산 (그룹 전체):** 320,000원
*   **1인당 일일 식비 예산:** 약 **13,333원** (정확히는 40,000/3원)",总预算为120万韩元，8个人将进行为期2晚3天的旅行。如果每人住宿费为8万韩元，交通费为3万韩元，那么请计算出剩余的餐饮预算以及每人每天的餐饮费用。,"我们可以通过以下步骤来计算剩余的餐饮预算以及每人每天的餐饮费用：

### 1. 计算总住宿费和总交通费

*   **人员数量**：8 人
*   **每人住宿费**：80,000 韩元
*   **每人交通费**：30,000 韩元

$$
\text{总住宿费} = 8 \times 80,000 = 640,000 \text{ 韩元}
$$

$$
\text{总交通费} = 8 \times 30,000 = 240,000 \text{ 韩元}
$$

### 2. 计算已花费的总费用

$$
\text{已花费总额} = \text{总住宿费} + \text{总交通费}
$$
$$
\text{已花费总额} = 640,000 + 240,000 = 880,000 \text{ 韩元}
$$

### 3. 计算剩余的餐饮预算（总额）

*   **总预算**：1,200,000 韩元

$$
\text{剩余餐饮预算} = \text{总预算} - \text{已花费总额}
$$
$$
\text{剩余餐饮预算} = 1,200,000 - 880,000 = 320,000 \text{ 韩元}
$$

### 4. 计算每人每天的餐饮费用

*   **总天数**：3 天
*   **人数**：8 人

$$
\text{每人每天餐饮费用} = \frac{\text{剩余餐饮预算}}{\text{人数} \times \text{天数}}
$$
$$
\text{每人每天餐饮费用} = \frac{320,000}{8 \times 3} = \frac{320,000}{24}
$$

进行除法运算：
$$
320,000 \div 24 \approx 13,333.33 \text{ 韩元}
$$

在实际预算规划中，通常取整数或保留两位小数。

### 最终结论：

1.  **剩余的总餐饮预算**为 **320,000 韩元**。
2.  **每人每天的餐饮费用**约为 **13,333 韩元**（精确值为 $13,333.33...$ 韩元）。","다음 단계를 통해 남은 식비 예산과 1인당 하루 식비를 계산할 수 있습니다:

### 1. 총 숙박비 및 총 교통비 계산

*   **인원 수**: 8명
*   **1인당 숙박비**: 80,000원
*   **1인당 교통비**: 30,000원

$$
\text{총 숙박비} = 8 \times 80,000 = 640,000 \text{ 원}
$$

$$
\text{총 교통비} = 8 \times 30,000 = 240,000 \text{ 원}
$$

### 2. 지출된 총 비용 계산

$$
\text{지출된 총액} = \text{총 숙박비} + \text{총 교통비}
$$
$$
\text{지출된 총액} = 640,000 + 240,000 = 880,000 \text{ 원}
$$

### 3. 남은 식비 예산(총액) 계산

*   **전체 예산**: 1,200,000원

$$
\text{남은 식비 예산} = \text{전체 예산} - \text{지출된 총액}
$$
$$
\text{남은 식비 예산} = 1,200,000 - 880,000 = 320,000 \text{ 원}
$$

### 4. 1인당 하루 식비 계산

*   **총 일수**: 3일
*   **인원 수**: 8명

$$
\text{1인당 하루 식비} = \frac{\text{남은 식비 예산}}{\text{인원 수} \times \text{일수}}
$$
$$
\text{1인당 하루 식비} = \frac{320,000}{8 \times 3} = \frac{320,000}{24}
$$

나눗셈을 수행합니다:
$$
320,000 \div 24 \approx 13,333.33 \text{ 원}
$$

실제 예산 계획 시에는 보통 정수를 사용하거나 소수점 둘째 자리까지 표시합니다.

### 최종 결론:

1.  **남은 총 식비 예산**은 **320,000원**입니다.
2.  **1인당 하루 식비**는 약 **13,333원**입니다 (정확한 값은 $13,333.33...$원입니다).",28.0362,27.1042,970,983,13,,,,
numerical_planning,수치 계산과 계획,4,총예산 120만 원으로 8명이 2박 3일 여행을 간다. 숙박비가 1인당 8만 원이고 교통비가 1인당 3만 원이라면 남는 식비 예산과 1인당 하루 식비를 계산해줘.,"With a total budget of 1.2 million won, 8 people are going on a 2-night, 3-day trip. If the accommodation cost is 80,000 won per person and the transportation cost is 30,000 won per person, please calculate the remaining budget for food and the daily food expense per person.","Here is the step-by-step calculation to determine the remaining budget for food and the daily food expense per person.

### Step 1: Calculate Total Accommodation Cost
*   Cost per person: $80,000$ won
*   Number of people: $8$
*   Total Accommodation Cost = $80,000 \times 8 = 640,000$ won

### Step 2: Calculate Total Transportation Cost
*   Cost per person: $30,000$ won
*   Number of people: $8$
*   Total Transportation Cost = $30,000 \times 8 = 240,000$ won

### Step 3: Calculate Total Fixed Costs
*   Total Fixed Costs = Total Accommodation Cost + Total Transportation Cost
*   Total Fixed Costs = $640,000 + 240,000 = 880,000$ won

### Step 4: Calculate Remaining Budget for Food
*   Total Budget: $1,200,000$ won
*   Remaining Budget = Total Budget - Total Fixed Costs
*   Remaining Budget = $1,200,000 - 880,000 = 320,000$ won

### Step 5: Calculate Total Food Budget Per Person
*   Remaining Budget for Food: $320,000$ won
*   Number of people: $8$
*   Food Budget Per Person = $320,000 / 8 = 40,000$ won

### Step 6: Calculate Daily Food Expense Per Person
*   Duration of trip: $3$ days
*   Daily Food Expense Per Person = Total Food Budget Per Person / Number of Days
*   Daily Food Expense Per Person = $40,000 / 3 \approx 13,333.33$ won

---

### Final Conclusion

*   **Total Remaining Budget for Food:** **320,000 won**
*   **Daily Food Expense Per Person:** Approximately **13,333 won** (or exactly $40,000/3$ won)","다음은 식비로 사용할 수 있는 남은 예산과 1인당 일일 식비를 계산하는 단계별 과정입니다.

### 1단계: 총 숙박비 계산
*   ㅍ인당 비용: 80,000원
*   인원 수: 8명
*   총 숙박비 = 80,000 × 8 = 640,000원

### 2단계: 총 교통비 계산
*   ㅍ인당 비용: 30,000원
*   인원 수: 8명
*   총 교통비 = 30,000 × 8 = 240,000원

### 3단계: 총 고정비용 계산
*   총 고정비용 = 총 숙박비 + 총 교통비
*   총 고정비용 = 640,000 + 240,000 = 880,000원

### 4단계: 식비로 사용할 수 있는 남은 예산 계산
*   총 예산: 1,200,000원
*   남은 예산 = 총 예산 - 총 고정비용
*   남은 예산 = 1,200,000 - 880,000 = 320,000원

### 5단계: 1인당 식비 예산 계산
*   식비로 사용할 수 있는 남은 예산: 320,000원
*   인원 수: 8명
*   1인당 식비 예산 = 320,000 ÷ 8 = 40,000원

### 6단계: 1인당 일일 식비 계산
*   여행 기간: 3일
*   1인당 일일 식비 = 1인당 식비 예산 ÷ 여행 일수
*   1인당 일일 식비 = 40,000 ÷ 3 ≈ 13,333.33원

---

### 최종 결론

*   **식비로 사용할 수 있는 총 남은 예산:** 320,000원
*   **1인당 일일 식비:** 약 13,333원 (정확히는 40,000/3원)",总预算为120万韩元，8个人将进行为期2晚3天的旅行。如果人均住宿费为8万韩元，人均交通费为3万韩元，请计算出剩余的餐饮预算以及人均每天的餐饮费用。,"我们可以分步计算：

**1. 计算总住宿费用和总交通费用**
*   **总住宿费**：8人 × 8万韩元/人 = **64万韩元**
*   **总交通费**：8人 × 3万韩元/人 = **24万韩元**

**2. 计算已使用的总费用（住宿+交通）**
*   64万韩元 + 24万韩元 = **88万韩元**

**3. 计算剩余的餐饮总预算**
*   总预算 - (总住宿费 + 总交通费) = 剩余餐饮预算
*   120万韩元 - 88万韩元 = **32万韩元**

**4. 计算人均每天的餐饮费用**
*   **人均餐饮总预算**：32万韩元 ÷ 8人 = **4万韩元/人**
*   **人均每天餐饮费用**：4万韩元 ÷ 3天 ≈ **1.33万韩元/人/天**
    *(精确值为 40,000 ÷ 3 = 13,333.33... 韩元)*

---

### **最终答案：**
*   **剩余餐饮总预算**：**32万韩元**
*   **人均每天的餐饮费用**：约 **1.33万韩元**（或精确为 13,333韩元）","단계별로 계산해보겠습니다:

**1. 총 숙박비와 총 교통비 계산**
*   **총 숙박비**: 8명 × 8만 원/인 = **64만 원**
*   **총 교통비**: 8명 × 3만 원/인 = **24만 원**

**2. 이미 사용된 총 비용 계산 (숙박+교통)**
*   64만 원 + 24만 원 = **88만 원**

**3. 남은 식비 총 예산 계산**
*   총 예산 - (총 숙박비 + 총 교통비) = 남은 식비 예산
*   120만 원 - 88만 원 = **32만 원**

**4. 1인당 하루당 식비 계산**
*   **1인당 총 식비 예산**: 32만 원 ÷ 8명 = **4만 원/인**
*   **1인당 하루당 식비**: 4만 원 ÷ 3일 ≈ **1.33만 원/인/일**
    *(정확한 값은 40,000 ÷ 3 = 13,333.33... 원)*

---

### **최종 답변:**
*   **남은 식비 총 예산**: **32만 원**
*   **1인당 하루당 식비**: 약 **1.33만 원** (또는 정확히 13,333원)",23.9604,16.151,753,528,-225,,,,
balanced_recommendation,균형 잡힌 조언,1,"출퇴근 시간이 편도 20분 늘어나지만 연봉이 15% 높은 이직 제안을 받았어. 돈, 시간, 성장 가능성의 관점에서 결정 전에 확인할 질문들을 우선순위별로 정리해줘.","I’ve been offered a job switch where the commute time increases by 20 minutes one-way, but the annual salary is 15% higher. From the perspectives of money, time, and growth potential, please list the questions I should ask before making a decision, in order of priority.","This is a classic career trade-off: **immediate financial gain vs. long-term well-being and career trajectory.** A 20-minute one-way commute increase (40 minutes total per day) is significant, especially if it involves driving or peak-hour traffic.

Here are the critical questions to ask, prioritized by impact on your long-term quality of life and career health:

### 1. Growth Potential & Role Scope (Priority: HIGH)
*Why first? If the role doesn’t accelerate your career, the 15% raise may not justify the permanent life disruption. Growth potential determines your **next** salary jump, which is often larger than 15%.*

- **“What are the specific milestones for promotion or role expansion in the first 1–3 years?”**  
  *Ask for clarity on how you can move up. Is there a clear path to seniority, management, or specialized expertise?*
- **“How does this role position me for future opportunities within the industry?”**  
  *Does this job add valuable skills, certifications, or network connections that make you more employable elsewhere in 2–3 years?*
- **“What is the average tenure and promotion rate for employees in this role?”**  
  *If most people stay flat for 5+ years, the “growth potential” may be theoretical.*

### 2. Time & Lifestyle Impact (Priority: HIGH)
*Why second? Commute time is non-recoverable. You cannot “earn back” 40 minutes a day. This affects your health, family time, and burnout risk.*

- **“Is remote work or hybrid flexibility possible in this role?”**  
  *If you can work remotely 1–2 days/week, the commute impact drops dramatically (e.g., only 30–40 extra minutes/week instead of every day).*
- **“What is the typical daily work schedule and expectation around overtime?”**  
  *If the role requires regular late nights or early starts, adding a longer commute may make your work-life balance unsustainable.*
- **“How flexible are the start/end times?”**  
  *Can you leave at 3:00 PM on Fridays? Can you start at 10:00 AM to avoid peak traffic? Flexibility can mitigate commute pain.*

### 3. Money & Total Compensation (Priority: MEDIUM)
*Why third? A 15% raise is significant, but you must calculate the **net** gain after accounting for commute costs and time value.*

- **“What is the breakdown of the 15% increase? Is it base salary, bonus, or equity?”**  
  *Bonus and equity are variable. Base salary is guaranteed. Ensure the 15% is primarily base pay.*
- **“What are the associated costs of this commute?”**  
  *Calculate: Extra fuel/parking/tolls + potential need for a better car. Subtract this from the raise. If your extra commute costs $1,200/year, and your raise is $5,000/year, your **net** gain is only $3,800 (≈ 11.5% effective raise).*
- **“What is the value of my time?”**  
  *If you value your time at $50/hour, an extra 40 minutes/day = ~$33.33/day = ~$8,665/year (assuming 260 workdays).  
  *If your raise is less than $8,665/year, you are **losing** money in real terms by commuting longer.*

### 4. Job Security & Company Health (Priority: MEDIUM)
*Why fourth? If the company is unstable, you may lose your job soon, making the commute and raise irrelevant.*

- **“What is the company’s financial health and 12–18 month outlook?”**  
  *Are they profitable? Are there signs of layoffs?*
- **“What is the turnover rate for this team/role?”**  
  *High turnover may indicate poor management or unclear expectations.*

### 5. Culture & Management (Priority: MEDIUM)
*Why fifth? A great salary and growth path are undermined by a toxic manager or culture.*

- **“Can I meet the direct manager and team members before accepting?”**  
  *You’ll spend more time with them than anyone else. Do you trust their leadership style?*
- **“What does the onboarding and first 90 days look like?”**  
  *A well-structured onboarding period reduces early stress, which is critical when you’re already stressed about a longer commute.*

---

### 📊 Quick Decision Framework

| Factor | Key Question | Red Flag |
|--------|--------------|----------|
| **Growth** | Is there a clear path to promotion in 2 years? |","이것은 전형적인 커리어 관련 딜레마입니다: **즉각적인 금전적 이익 vs. 장기적인 행복 및 커리어 발전**. 왕복 통근 시간이 20분씩 늘어나면(하루에 총 40분), 특히 운전이 필요하거나 출퇴근 시간대의 교통체증을 감수해야 한다면 이는 상당한 부담입니다.

다음은 장기적인 삶의 질과 커리어 발전에 미치는 영향을 기준으로 중요도 순서대로 정리한 질문들입니다.

### 1. 성장 가능성 및 역할의 범위 (중요도: 높음)
*왜 첫 번째인가요? 해당 직무가 커리어 발전에 도움이 되지 않는다면, 15%의 임금 인상도 통근 시간 증가라는 대가를 감수할 만한 가치가 없을 수 있습니다. 성장 가능성은 향후 임금 상승폭에도 영향을 줍니다.*

- **“첫 1~3년 내에 승진이나 역할 확장을 위한 구체적인 기준은 무엇인가요?”**  
  어떻게 승진할 수 있는지 명확히 물어보세요. 선임직, 관리직 또는 전문가로 성장할 수 있는 경로가 분명한가요?
- **“이 직무가 향후 업계 내에서의 기회에 어떤 도움을 줄까요?”**  
  이 직무를 통해 2~3년 후 다른 곳에서도 경쟁력을 갖출 수 있는 기술, 자격증, 인적 네트워크가 생길까요?
- **“이 직무에서 근무하는 직원들의 평균 근속 기간과 승진률은 얼마인가요?”**  
  대부분의 직원들이 5년 이상 그 자리에 머물고 있다면 ‘성장 가능성’은 단지 이론에 그칠 수 있습니다.

### 2. 시간 및 라이프스타일에 미치는 영향 (중요도: 높음)
*왜 두 번째인가요? 통근 시간은 다시 되돌릴 수 없습니다. 하루에 40분씩 잃는 것은 건강, 가족과의 시간, 번아웃 위험에도 영향을 줍니다.*

- **“이 직무에서 원격근무나 하이브리드 근무가 가능한가요?”**  
  일주일에 1~2일이라도 재택근무가 가능하다면 통근으로 인한 부담이 크게 줄어듭니다.
- **“일반적인 근무 시간과 초과근무에 대한 기대치는 어떤가요?”**  
  야근이나 이른 출근이 잦다면, 긴 통근 시간은 삶과 일의 균형을 무너뜨릴 수 있습니다.
- **“출퇴근 시간은 유연하게 조정할 수 있나요?”**  
  금요일 오후 3시에 퇴근하거나, 출퇴근 시간대를 피해 오전 10시에 출근하는 것이 가능한가요? 유연성은 통근 스트레스를 줄여줍니다.

### 3. 금전적 보상 및 총체적 보상 (중요도: 보통)
*왜 세 번째인가요? 15%의 임금 인상은 큰 혜택이지만, 통근 비용과 시간 가치를 고려한 ‘순수익’을 계산해야 합니다.*

- **“15% 인상분의 구성은 무엇인가요? 기본급, 보너스, 스톡옵션 중 무엇인가요?”**  
  보너스와 스톡옵션은 변동적입니다. 기본급이 안정적이므로 15% 인상분이 기본급 위주인지 확인하세요.
- **“통근으로 인해 발생하는 비용은 얼마나 되나요?”**  
  연료, 주차비, 통행료 등을 계산해보세요. 예: 연간 통근 비용이 $1,200이고 임금 인상분이 $5,000라면 순수익은 $3,800뿐입니다(실질적 인상률 약 11.5%).
- **“제 시간의 가치는 얼마인가요",虽然通勤时间单程会增加20分钟，但我收到了一份年薪提高15%的跳槽邀请。从金钱、时间以及发展可能性这几个角度出发，请按优先级列出我在做决定前需要确认的问题。,"面对“单程通勤增加20分钟（每天多40分钟）”与“年薪提高15%”的抉择，这不仅仅是一道数学题，更是一次关于**生活质量、职业护城河和未来复利**的综合评估。

为了帮你做出不后悔的决定，我将问题按优先级分为三个维度：**硬性约束（金钱）、隐性成本（时间/生活）、长期价值（发展）**。

建议按照以下顺序进行确认：

### 第一优先级：金钱维度（确保“15%”是真实利润，而非幻觉）

很多人只看涨幅百分比，却忽略了基数和隐性扣款。你需要确认这15%在扣除所有成本后，是否真的能覆盖你增加的通勤成本和潜在的生活半径变化。

1.  **总包（Total Package）的具体构成是什么？**
    *   这15%是仅针对**基本薪资（Base Salary）**，还是包含了奖金、期权/股票（RSU）、签字费（Sign-on Bonus）？
    *   如果是期权/股票，其归属期（Vesting Schedule）和流动性如何？变现前的“纸面富贵”通常不应计入现金流。
    *   **确认动作**：要求对方提供详细的薪酬结构拆解，计算每年的**税后到手现金（Take-home Pay）**。

2.  **通勤成本与生活半径变化的隐性财务影响？**
    *   单程多20分钟，意味着每天多出40分钟。如果这20分钟导致你需要更换居住地点，或者为了节省时间必须打车/开车（而非公共交通），**每月的交通成本增加了多少？**
    *   如果住在原地，多出的40分钟是否意味着你不得不购买咖啡、午餐或依赖外卖？
    *   **确认动作**：计算新职位带来的**月度净增收**（税后加薪 - 新增通勤/生活成本）。如果月净增收不足以覆盖你失去的40分钟/天的“机会成本”，金钱维度的吸引力就会打折。

3.  **跳槽后的福利与社保连续性？**
    *   新公司的年终奖发放机制（是否有风险扣减？）、补充医疗保险、年假天数是否与当前持平或更好？
    *   **确认动作**：对比两边的福利包，确保没有“左手拿钱，右手打折”的情况。

---

### 第二优先级：时间与生活维度（评估“40分钟/天”的真实代价）

时间是不可再生的资源。每天多40分钟，一年就是约**26.5个工作日**。你需要确认这是否在你的承受阈值之内。

1.  **通勤方式的质变是什么？**
    *   是从“地铁直达”变成“地铁+公交+步行”，还是从“走路10分钟”变成“开车20分钟”？
    *   **关键点**：如果是前者，体验会断崖式下跌（拥挤、换乘疲惫）；如果是后者，车内时间可以是“伪自由时间”（听播客、休息）。**体验的舒适度比时长更重要。**
    *   **确认动作**：在面试通过后，务必在工作日早高峰实测一次新路线。

2.  **工作强度的匹配度（Work-Life Balance）？**
    *   新公司的加班文化如何？如果新工作经常需要晚上8点下班，加上多20分钟通勤，你的到家时间是否会晚于旧工作？
    *   如果旧工作经常加班到9点，新工作准时5点半下班，那么即使通勤多20分钟，你实际在家的时间可能反而**更多**。
    *   **确认动作**：询问HR或潜在同事：“团队目前的平均下班时间是几点？”“最近一个月有没有连续加班的情况？”

3.  **对家庭/个人生活的影响？**
    *   如果你有家，多出的40分钟是否侵占了陪孩子、运动或休息的时间？
    *   如果你单身，这40分钟是否可以转化为高质量的自我提升时间（如果通勤允许）？
    *   **确认动作**：模拟一周的日程表，看新节奏是否让你感到“窒息”还是“充实”。

---

### 第三优先级：发展可能性维度（这是决定长期上限的核心）

金钱和时间是短期变量，而职业发展决定了你5-10年后的议价能力。如果新职位能让你获得核心技能或行业背书，短期的痛苦是值得的。

1.  **岗位内容的“含金量”是否提升？**
    *   这个职位是**平级跳槽（Lateral Move）**还是**晋升/高阶岗位（Upward Move）**？
    *   新职位的核心职责（Responsibilities）是否涉及你未来想深耕的技术栈、管理幅度或业务领域？
    *   **警惕**：如果薪资涨了15%，但岗位职责变得更琐碎、更边缘化，或者是为了填补一个“坑”，那么这是透支未来。","“통근 시간이 편도로 20분 증가(하루에 총 40분 추가)하는 것”과 “연봉이 15% 인상되는 것” 중 하나를 선택해야 한다면, 이는 단순한 수학 문제가 아니라 **삶의 질, 직업적 경쟁력, 그리고 미래의 복리 효과**에 관한 종합적인 평가입니다.

후회하지 않을 결정을 내릴 수 있도록, 저는 이 문제를 우선순위에 따라 세 가지 차원으로 나누어 설명하겠습니다: **물질적 제약(돈), 숨겨진 비용(시간/생활), 그리고 장기적 가치(성장)**.

다음 순서에 따라 확인해보시길 권장합니다.

### 첫 번째 우선순위: 돈의 측면 (15% 인상이 진짜 수익인지 확인하기)

많은 사람들이 단순히 인상률만 보고, 기본 금액과 숨겨진 공제액은 간과합니다. 모든 비용을 제외한 후에도 이 15%의 인상분이 늘어난 통근 비용과 생활 패턴 변화를 충분히 상쇄할 수 있는지 확인해야 합니다.

1.  **연봉의 구체적인 구성은 무엇인가요?**
    *   이 15%는 **기본급**에만 해당하는가요, 아니면 보너스, 스톡옵션/주식(RSU), 입사 보너스까지 포함되는가요?
    *   스톡옵션의 경우, 행사 기간(Vesting Schedule)과 현금화 가능성은 어떤가요? 현금화되기 전의 ‘이론상의 이익’은 실제 현금 흐름으로 계산해서는 안 됩니다.
    *   **확인 방법**: 상세한 급여 구조를 요청하여, 매년 **세후 실수령액**이 얼마나 되는지 계산해보세요.

2.  **통근 비용 및 생활 패턴 변화가 금전적으로 미치는 영향은?**
    *   편도로 20분이 추가되면 하루에 40분이 늘어납니다. 만약 이로 인해 거주지를 옮겨야 하거나 대중교통 대신 택시나 자가용을 이용해야 한다면, **매달 교통비가 얼마나 늘어날까요?**
    *   현재 거주지에 머물 경우, 늘어난 40분이 커피나 점심값, 배달 음식같은 지출로 이어지지는 않을까요?
    *   **확인 방법**: 새로운 직장에서 얻는 **월간 순수입 증가분**(인상된 급여 – 증가한 통근/생활비)을 계산해보세요. 만약 이 순수입 증가분이 하루에 40분씩 잃게 되는 ‘기회비용’을 보상하지 못한다면, 돈의 매력도는 떨어집니다.

3.  **이직 후 복리후생과 사회보장 혜택의 연속성은?**
    *   새 회사의 연말 보너스 지급 방식, 건강보험, 연차 휴가일수가 현재 회사와 비슷하거나 더 나은가요?
    *   **확인 방법**: 양쪽의 복리후생 패키지를 비교하여, ‘한쪽에서는 돈을 얻고 다른 쪽에서는 혜택을 잃는’ 상황이 없도록 확인하세요.

---

### 두 번째 우선순위: 시간과 생활 측면 (“하루 40분”이 가져오는 진짜 대가 평가하기)

시간은 재생산 불가능한 자원입니다. 하루에 40분이 늘어나면 1년에 약 **26.5일**에 해당합니다. 이 정도의 시간 증가가 감당 가능한 범위인지 확인해야 합니다.

1.  **통근 방식에 어떤 변화가 있는가요?**
    *   ‘지하철 직통’에서 ‘지하철+버스+도보’로 바뀌는가요, 아니면 ‘걸어서 10분’에서 ‘자가용으로 20분’으로 바뀌는가요?",47.6999,47.4618,1470,1503,33,,,,
balanced_recommendation,균형 잡힌 조언,2,"출퇴근 시간이 편도 20분 늘어나지만 연봉이 15% 높은 이직 제안을 받았어. 돈, 시간, 성장 가능성의 관점에서 결정 전에 확인할 질문들을 우선순위별로 정리해줘.","I’ve been offered a new job: the commute time will increase by 20 minutes each way, but the annual salary is 15% higher. From the perspectives of money, time, and career growth, please list the questions I should ask before making a decision, in order of priority.","This is a classic trade-off scenario: **financial gain vs. life quality/career trajectory**.

To make an informed decision, you need to move beyond the surface numbers and probe the *quality* of both the money and the time, as well as the *sustainability* of the career growth.

Here are the critical questions you should ask, ordered by priority:

### 1. Career Growth & Role Clarity (Highest Priority)
*Why first?* If the job doesn’t advance your career, the 15% salary bump is temporary and will eventually be eroded by inflation or missed opportunities elsewhere. Career capital is harder to replace than time.

*   **""What does the 12–24 month career path look like for this role?""**
    *   Ask specifically about promotion criteria. Is there a defined title progression?
*   **""What are the realistic expectations for performance in the first 6 months?""**
    *   This reveals whether the role is truly ""growth"" or just a high-pressure grind with no upward mobility.
*   **""How does this role position me for my long-term goals?""**
    *   Be honest about your 5-year plan. Does this job open doors (new skills, industry visibility, network) that your current role does not?
*   **""What is the team’s turnover rate, and what are the primary reasons people leave?""**
    *   High turnover often signals poor culture or unrealistic expectations, which will eat into your ""time"" and stress levels.

### 2. The True Cost of Time & Well-being (High Priority)
*Why second?* A 20-minute increase *each way* is **40 extra minutes per day** in commute. That’s **3.3 hours per week** or **173+ hours per year**—essentially a full-time workday lost annually. But commute time is only part of the story.

*   **""What is the typical weekly hour expectation, including meetings and 'after-hours' work?""**
    *   Does the 20-minute commute increase coincide with a culture of longer workdays? If so, you’re losing *more* than 40 minutes.
*   **""How does the company support work-life balance? (e.g., flexible hours, remote days, no-meeting blocks)""**
    *   If you can work 4 hours remotely per week, the commute pain is reduced significantly. If not, you’re locked into a rigid schedule that may clash with personal life.
*   **""What is the onboarding and ramp-up period like?""**
    *   Will the first 3 months be intensely demanding? If so, add that stress to your commute calculation.
*   **""Is the new location’s infrastructure reliable? (e.g., traffic patterns, parking availability, public transit)""**
    *   A ""20-minute"" average commute can become 45–60 minutes during peak stress or bad weather. Ask about *worst-case* scenarios, not just averages.

### 3. The Real Value of the Money (Medium Priority)
*Why third?* A 15% raise sounds great, but you need to know if it’s sustainable and how much it *actually* improves your net worth after accounting for the time cost.

*   **""Is the 15% increase one-time or part of a structured compensation review cycle?""**
    *   Will there be annual raises? What is the average merit increase for this role historically?
*   **""What are the non-salary benefits, and how do they compare to my current job?""**
    *   Compare health insurance costs, 401(k) match, PTO accrual, and sign-on bonuses. A better benefits package can offset a smaller salary bump.
*   **""Are there performance-based bonuses or equity, and what is the historical payout rate?""**
    *   Don’t count unvested stock or uncapped bonuses as part of your base income. Ask for the *realized* compensation range.
*   **""What is the total cost of living difference if I move closer to the new job?""**
    *   If you can move 10 minutes closer for a $200/month rent increase, that might be worth it to recover 10 minutes each way.

### 4. Cultural & Managerial Fit (Medium-Low Priority but Critical for Retention)
*Why last?* You can tolerate a longer commute and a flat salary if you love your manager and team. But you cannot tolerate a toxic culture *and* a longer commute.

*   **""Can I meet with the team or future peers?""**
    *   Ask them: *""What do you like most about working here? What’s the one thing that frustrates you most?""*
*   **""What is the management style of my direct","이것은 전형적인 딜레마 상황입니다: **경제적 이익 vs. 삶의 질/경력 발전**.

현명한 결정을 내리려면 단순히 숫자만 보는 것이 아니라, 돈과 시간의 ‘질’ 그리고 경력 성장의 ‘지속 가능성’까지 고려해야 합니다.

다음은 우선순위에 따라 물어봐야 할 중요한 질문들입니다.

### 1. 경력 성장 및 역할의 명확성 (가장 높은 우선순위)
*왜 첫 번째인가?* 만약 이 직무가 경력 발전에 도움이 되지 않는다면, 15%의 급여 상승은 일시적인 현상에 불과하며 결국 인플레이션이나 다른 기회의 상실로 인해 가치가 하락할 것입니다. 경력 자산은 시간보다 훨씬 대체하기 어렵습니다.

*   **“이 직무에서 향후 12~24개월간의 경력 전망은 어떻게 되나요?”**
    * 승진 기준에 대해 구체적으로 물어보세요. 직급 상승의 경로가 명확한가요?
*   **“첫 6개월간의 성과에 대한 현실적인 기대치는 무엇인가요?”**
    * 이 질문은 해당 직무가 진정한 ‘성장 기회’인지, 아니면 상승 가능성이 없는 고강도 업무인지를 알려줍니다.
*   **“이 직무가 제 장기적인 목표 달성에 어떤 도움이 되나요?”**
    * 본인의 5년 계획을 솔직히 고려해보세요. 이 직무가 현재 직장에서는 얻을 수 없는 새로운 기술, 업계 인지도, 인맥 등을 제공해줄 수 있나요?
*   **“팀 내 이직률은 얼마나 되며, 사람들이 떠나는 주된 이유는 무엇인가요?”**
    * 높은 이직률은 나쁜 조직 문화나 비현실적인 기대치를 시사하며, 결국 시간과 스트레스의 손실로 이어집니다.

### 2. 시간과 웰빙의 진짜 비용 (높은 우선순위)
*왜 두 번째인가?* 왕복 20분이 추가된다는 것은 **하루에 40분**, **주당 3.3시간**, **연간 173시간 이상**을 통근에 소비하게 된다는 뜻입니다. 이는 연간 하루치의 근무 시간을 잃는 것과 같습니다. 하지만 통근 시간은 문제의 일부일 뿐입니다.

*   **“회의 및 ‘야근’까지 포함해 주당 예상 근무 시간은 얼마나 되나요?”**
    * 통근 시간 증가가 더 긴 근무 시간 문화와 연관되어 있는지 확인하세요. 그렇다면 실제로 손실되는 시간은 40분보다 훨씬 많을 것입니다.
*   **“회사에서 일과 삶의 균형을 어떻게 지원하나요? (예: 유연한 근무 시간, 재택근무, 회의 없는 시간대)”**
    * 주 4시간 정도 재택근무가 가능하다면 통근의 고통은 크게 줄어듭니다. 그렇지 않다면 개인 생활과 충돌할 수 있는 엄격한 스케줄에 얽매이게 됩니다.
*   **“입사 초기 적응 기간은 어떻게 이루어지나요?”**
    * 처음 3개월이 매우 힘든 시기인지 확인하세요. 그렇다면 통근 시간 외에도 스트레스까지 고려해야 합니다.
*   **“새로운 근무지의 교통 인프라는 안정적인가요? (예: 교통 체증, 주차 가능 여부, 대중교통)”**
    * ‘평균 20분’이라는 통근 시간도 러시아워나 악천후 시 45~60분으로 늘어날 수 있습니다. 평균값뿐만 아니라 최악의 상황도 물어보세요.

### 3. 돈의 진정한 가치 (중간 우선순위)
*왜 세 번째인가?* 15%의 급",虽然通勤时间单程会增加20分钟，但我收到了一份年薪高出15%的跳槽邀约。从金钱、时间以及发展可能性这几个方面出发，请按优先级整理出我在做决定前需要确认的问题。,"这是一个非常经典且关键的职场决策模型。虽然“加薪15%”听起来很诱人，但“单程+20分钟”意味着你**每周多花费约1.6-2小时在通勤上（按5天计算）**，这直接侵蚀了你的生活质量和可支配精力。

为了做出不后悔的决定，建议你按照以下**优先级顺序**去确认关键问题。这个排序逻辑是：**生存底线（钱） > 职业天花板（发展） > 生活可持续性（时间/精力）**。

---

### 第一优先级：金钱与真实收益（验证“15%”的含金量）
*这是最硬的指标，但也是最容易产生误区的部分。你需要确认这15%是“名义涨幅”还是“实际到手涨幅”。*

1.  **薪资结构拆解**：
    *   高出的15%是全部由**固定基本工资（Base）**构成，还是包含大量**浮动奖金、签字费或股票期权**？
    *   *关键点*：固定工资才代表稳定的抗风险能力；浮动部分取决于公司业绩，存在不确定性。
2.  **社保公积金与隐性福利对比**：
    *   新公司的五险一金缴纳基数和比例是否与现公司一致？（例如，现公司按全额工资交，新公司只交最低基数，实际损失可能很大）。
    *   是否有其他隐性福利差异？（如餐补、交通补、商业保险、年假天数等）。
3.  **税务影响**：
    *   年薪增加15%后，是否会导致你进入更高的**个人所得税税率档位**？
    *   *行动*：计算两边的**税后净收入**。如果税前涨15%，但税后只涨8%-10%，那么用时间换钱的性价比大打折扣。
4.  **通勤成本的货币化**：
    *   多出的20分钟单程，意味着每周多1.6小时。如果换算成时薪（新工资/年工作小时数），这1.6小时值多少钱？
    *   这笔钱是否足以覆盖你因通勤增加而产生的**体力消耗、焦虑感以及无法陪伴家人/自我提升的损失**？

---

### 第二优先级：发展可能性（验证“跳板”的价值）
*跳槽的核心逻辑往往不是当下的钱，而是未来的增值。如果新岗位只是“换汤不换药”，那15%的涨幅可能不足以抵消职业停滞的风险。*

5.  **职位层级与职责实质**：
    *   新岗位是**平级跳槽（Lateral Move）**还是**晋升（Promotion）**？
    *   职责范围是否扩大？是否涉及核心业务线或更高维度的决策权？
    *   *关键点*：如果职责完全相同，仅仅换个公司拿高薪，长期来看你的简历竞争力可能停滞。
6.  **行业与公司前景**：
    *   新公司所在的赛道是处于**上升期、成熟期还是衰退期**？
    *   该公司在行业内的地位如何？是头部大厂、快速成长的独角兽，还是濒临裁员边缘的传统企业？
    *   *关键点*：在衰退行业跳去高薪岗位，可能是“拿着金手铐”；在上升行业跳去稍低薪但核心岗位，未来复利效应更强。
7.  **直属领导与管理风格**：
    *   你的新老板是谁？他的管理风格、过往业绩、在公司的话语权如何？
    *   是否已经面试过他/她？感觉如何？
    *   *关键点*：**“选择公司，更是选择老板”**。一个好的领导能帮你打开天花板，坏的领导能让你在高压通勤下崩溃。
8.  **晋升路径与退出机制**：
    *   未来2-3年的晋升标准是什么？清晰吗？
    *   如果这份工作做得不好，或者公司裁员，你的简历在市场上是否有更好的选择？（新头衔是否比旧头衔更响亮？）

---

### 第三优先级：时间与生活质量（验证“可持续性”）
*这是最容易被低估的因素。通勤增加20分钟，不仅是时间问题，更是**精力管理**问题。*

9.  **通勤体验的具体变化**：
    *   多出的20分钟是**堵车时间**（高焦虑、不可控）还是**地铁/步行**（可自控、可利用）？
    *   能否在通勤时间里高效利用（听书、思考、休息）？如果新路线让你极度疲惫，导致下班后无法工作或学习，这是巨大的隐性成本。
10. **工作强度与加班文化**：
    *   新公司的平均下班时间是多少？是否需要频繁出差？
    *   如果新公司本身加班严重，叠加20分钟通勤","이것은 매우 전형적이면서도 중요한 직장 내 의사결정 모델입니다. “15%의 급여 인상”은 매우 매력적으로 들리지만, “왕복 20분 추가”라는 것은 **주 5일 기준으로 매주 약 1.6~2시간을 통근에 더 투자해야 함**을 의미하며, 이는 삶의 질과 사용 가능한 체력/에너지를 직접적으로 갉아먹게 됩니다.

후회하지 않을 결정을 내리기 위해, 아래의 **우선순위**에 따라 핵심 사항들을 확인해보시기 바랍니다. 이 순서의 논리는 다음과 같습니다: **생존의 기본선(돈) > 커리어의 상한선(성장) > 삶의 지속가능성(시간/에너지)**.

---

### 첫 번째 우선순위: 돈과 실제 수익성 (“15%”의 가치 검증)
*가장 확실한 지표이지만, 오해하기 쉬운 부분이기도 합니다. 이 15%가 “명목상 인상률”인지 아니면 “실제 지급되는 금액의 증가”인지 확인해야 합니다.*

1.  **급여 구조 분석**:
    *   인상된 15%가 전부 **기본급(Base)**으로 구성되어 있는가요? 아니면 상당 부분이 **변동성 있는 보너스, 사인온 보너스, 스톡옵션**으로 구성되어 있나요?
    *   *핵심 포인트*: 기본급만이 안정적인 위험 대응 능력을 나타냅니다. 변동 부분은 회사의 성과에 따라 달라지므로 불확실성이 큽니다.
2.  **4대 보험 및 연금, 그리고 숨겨진 혜택 비교**:
    *   새 회사의 4대 보험 및 연금 납입 기준액과 비율이 현재 회사와 같은가요? (예: 현재 회사는 전체 급여를 기준으로 납입하지만, 새 회사는 최저 기준액만 납입한다면 실제 손해가 매우 클 수 있습니다).
    *   식대 지원, 교통비 지원, 상업 보험, 연차 휴가 일수 등 다른 숨겨진 혜택에 차이가 있나요?
3.  **세금의 영향**:
    *   연봉이 15% 올라갔을 때, 더 높은 **소득세 구간**에 진입하게 되나요?
    *   *행동 요령*: 양쪽의 **세금 공제 후 실수령액**을 계산해보세요. 세전 급여는 15% 올랐지만 세후에는 8~10%밖에 증가하지 않는다면, 시간을 돈으로 바꾸는 가치는 현저히 떨어집니다.
4.  **통근 비용의 화폐화**:
    *   왕복 20분이 추가된다는 것은 주당 1.6시간이 더 들음을 의미합니다. 이를 시급으로 환산하면(새 급여/연간 근무 시간) 얼마의 가치가 있을까요?
    *   이 돈이 통근으로 인해 발생하는 **체력 소모, 불안감, 가족과 함께하지 못하거나 자기계발을 할 수 없는 손실**을 충분히 보상할 수 있나요?

---

### 두 번째 우선순위: 성장 가능성 (“디딤돌”로서의 가치 검증)
*이직의 핵심 논리는 현재의 돈이 아니라 미래의 가치 상승입니다. 만약 새 직무가 현 직무와 내용이 똑같다면, 15%의 인상은 커리어 정체의 위험을 상쇄하기에 부족할 수 있습니다.*

5.  **직급 수준과 업무의 실질적 내용**:
    *   새 직무는 **동급 이직(Lateral Move)**인가요, 아니면 **승진(Promotion)**인가요?
    *   업무 범위가 확장되었나요? 핵심 사업 부문이나 더 높은 차원의 의사결정",47.6732,47.4662,1527,1518,-9,,,,
balanced_recommendation,균형 잡힌 조언,3,"출퇴근 시간이 편도 20분 늘어나지만 연봉이 15% 높은 이직 제안을 받았어. 돈, 시간, 성장 가능성의 관점에서 결정 전에 확인할 질문들을 우선순위별로 정리해줘.","I’ve been offered a job change where the commute time increases by 20 minutes each way, but the annual salary is 15% higher. From the perspectives of money, time, and growth potential, please list the questions I should ask before making a decision, in order of priority.","This is a classic career trade-off: **Higher Pay vs. Higher Time Cost.** However, ""growth potential"" is the wildcard that can tip the scale significantly in either direction.

Here are the questions you should ask, categorized by priority. The priority order reflects that **time is a non-renewable resource**, **money has diminishing returns** (especially regarding commute), and **growth is the long-term multiplier**.

### Priority 1: Time & Quality of Life (The Non-Negotiables)
*Why first?* Commute time is taken directly from your life. You cannot ""bank"" sleep or family time to use later. A 40-minute total increase per day is **~17 hours per week** or **850+ hours per year**. This is a massive lifestyle shift.

1.  **""Can I work remotely or hybrid days per week?""**
    *   *Why:* If you can work from home 2–3 days/week, the commute penalty drops to 1–2 days, making the 15% raise far more attractive. If it’s strictly in-office 5 days/week, the time cost is severe.
2.  **""What are the typical start and end times, and how flexible are they?""**
    *   *Why:* Does the 20-minute increase happen during peak traffic (making it feel like 30+ minutes)? Can you stagger your hours to avoid rush hour?
3.  **""Is there a commute stipend, parking reimbursement, or transit pass provided?""**
    *   *Why:* This directly offsets some of the monetary and stress costs.

### Priority 2: Money & Net Compensation (The Real Value)
*Why second?* The 15% raise sounds great, but you must calculate the **net** gain after commute costs and stress.

4.  **""What is the total compensation package, including bonuses, equity, benefits, and retirement contributions?""**
    *   *Why:* A 15% base salary increase might be offset by reduced benefits, lower bonus targets, or less generous 401(k) matching.
5.  **""What are the estimated additional costs I’ll incur due to the longer commute?""**
    *   *Why:* Calculate: Fuel/Transit + Parking + Lunch (if you’re stuck farther from affordable options) + Wear on vehicle. If the net gain after these costs is only 5–8%, is it worth 17 extra hours/week?
6.  **""Is the salary increase permanent, or is it tied to performance goals that may change?""**
    *   *Why:* Ensure the raise isn’t a one-time signing bonus or tied to metrics that are difficult to meet.

### Priority 3: Growth Potential & Career Trajectory (The Long-Term Lever)
*Why third?* If the new role offers a significantly faster path to promotion, higher title, or better industry visibility, it may justify the short-term time sacrifice.

7.  **""What is the typical career path from this role, and what are the next 2–3 steps?""**
    *   *Why:* Is this a ""dead-end"" higher-paying role, or a stepping stone to C-suite/director/executive?
8.  **""How does this role compare in terms of learning curve and skill development?""**
    *   *Why:* Will you be doing repetitive work (low growth) or high-impact, strategic work (high growth)?
9.  **""What is the promotion timeline and criteria for advancement?""**
    *   *Why:* If you can get a 30% raise in 18 months due to promotion, the current commute cost may be a worthwhile investment.
10. **""How is this company/role viewed in the industry? Will it strengthen my resume for future opportunities?""**
    *   *Why:* Brand name and role prestige can open doors later, potentially reducing future job-search costs.

### Priority 4: Culture & Sustainability (The Hidden Risks)
*Why fourth?* If the culture is toxic or the workload is unsustainable, you may burn out within 12–18 months, negating all benefits.

11. **""What is the expected workload and overtime culture?""**
    *   *Why:* A 15% raise often comes with higher expectations. If you’re working 50+ hours/week *plus* a longer commute, your total work-life balance may collapse.
12. **""What is the turnover rate in this team, and why do people leave?""**
    *   *Why:* High turnover can signal instability or poor management, which adds stress and risk.

---

### How to Decide: A Simple Framework

After gathering answers, run this calculation:

1.  **Calculate Net Monetary Gain:**
    `(New Salary - Old","이것은 전형적인 커리어의 트레이드오프입니다: **높은 급여 vs. 많은 시간 투자**. 하지만 “성장 가능성”이란 요소가 상황을 어느 쪽으로든 크게 바꿔놓을 수 있는 변수입니다.

다음은 우선순위에 따라 묻어야 할 질문들입니다. 우선순위는 **시간은 한 번만 사용할 수 있는 자원**이고, **돈의 수익성은 점점 줄어든다**(특히 출퇴근과 관련해서), 그리고 **성장이야말로 장기적인 이익의 열쇠**라는 점을 반영합니다.

### 우선순위 1: 시간 및 삶의 질 (절대 양보할 수 없는 요소)
*왜 첫 번째인가?* 출퇴근 시간은 생활 시간에서 직접 빼앗기는 것입니다. 잠이나 가족과 보내는 시간을 나중에 쓰기 위해 저축할 수는 없죠. 하루에 40분씩 늘어난다면 **주당 약 17시간**, **연간 850시간 이상**이 늘어나는 셈입니다. 이건 삶의 패턴에 큰 변화를 가져옵니다.

1. **“원격근무나 하이브리드 근무가 가능한가요?”**
   *이유:* 주 2~3일씩 재택근무가 가능하다면, 출퇴근으로 인한 손실은 1~2일로 줄어들어 15%의 급여 인상도 훨씬 매력적으로 보입니다. 하지만 주 5일 모두 사무실에 나와야 한다면 시간적 비용이 엄청날 것입니다.
2. **“보통 출근 및 퇴근 시간은 몇 시이며, 얼마나 유연한가요?”**
   *이유:* 20분 증가가 교통 체증이 심한 시간대에 발생하느냐에 따라 실제 소요 시간은 30분 이상으로 늘어날 수 있습니다. 혹은 출퇴근 시간을 조절해 혼잡 시간을 피할 수 있을까요?
3. **“출퇴근 수당, 주차비 지원, 대중교통 패스 같은 혜택이 있나요?”**
   *이유:* 이러한 지원금은 경제적 부담과 스트레스를 어느 정도 완화해줍니다.

### 우선순위 2: 급여 및 실질적인 보상 (진짜 가치)
*왜 두 번째인가?* 15%의 급여 인상은 매력적으로 들리지만, 출퇴근 비용과 스트레스를 고려한 **실질적 이득**을 계산해야 합니다.

4. **“보너스, 스톡옵션, 복리후생, 퇴직연금 등을 포함한 총 보상 패키지는 어떤가요?”**
   *이유:* 기본급 15% 인상이 있더라도 복리후생이 줄어들거나, 보너스 지급액이 낮아지거나, 퇴직연금 보조금이 적어질 수 있습니다.
5. **“더 긴 출퇴근으로 인해 예상되는 추가 비용은 얼마인가요?”**
   *이유:* 연료비, 대중교통비, 주차비, 점심 식사비(출퇴근 거리가 멀어져 식사비가 늘어날 수 있음), 차량 마모비까지 계산해보세요. 이 모든 비용을 고려한 후에도 순수 이득이 5~8%에 불과하다면, 주당 17시간의 추가 노동을 감수할 만한가요?
6. **“급여 인상이 영구적인가요, 아니면 변동 가능한 성과 지표에 연동되어 있나요?”**
   *이유:* 이 인상이 일회성 인센티브이거나 달성하기 어려운 목표에 연동된 것이 아닌지 확인해야 합니다.

### 우선순위 3: 성장 가능성 및 커리어 전망 (장기적인 기회)
*왜 세 번째인가?* 새로운 직무가 승진 기회, 직급 상승",虽然通勤时间单程增加了20分钟，但我收到了一份年薪提高15%的跳槽提议。从金钱、时间以及发展可能性这几个角度出发，请按优先级梳理出我在做决定前需要确认的问题。,"这是一个非常经典的职业决策场景。**年薪提高15%** 是一个相当可观的涨幅（通常市场跳槽涨幅在10%-30%之间，超过20%较少见），而 **单程增加20分钟**（往返40分钟）意味着你每年会牺牲掉相当一部分可支配时间。

为了帮你做出最理性的决定，我将按照 **金钱（硬性收益） > 发展可能性（长期价值） > 时间与生活成本（隐性代价）** 的优先级，梳理出你需要向新雇主确认或自我评估的关键问题。

---

### 第一优先级：金钱与硬性福利（确保“15%”是真实且落地的）

很多Offer看起来涨幅高，但扣除隐性成本后可能并不划算。你需要确认这15%的**含金量**。

#### 1. 薪资结构的细节
*   **Q1: 这15%的涨幅是建立在“基本底薪”上，还是包含了奖金/签字费？**
    *   *为什么问：* 如果新公司底薪只涨5%，剩下的10%靠不确定的绩效奖金，那风险极大。你需要确认**固定薪资（Base Salary）** 到底涨了多少。
*   **Q2: 奖金制度是否发生变化？**
    *   *为什么问：* 旧公司的年终奖是固定的（如2个月）还是浮动的？新公司呢？如果新公司取消固定年终奖，改为全浮动，你的“年薪”概念就变了。
*   **Q3: 签字费（Sign-on Bonus）是一次性还是分期？是否有留任条款？**
    *   *为什么问：* 如果15%的涨幅里包含了一笔签字费，你要确保这不是为了诱导你跳槽的“毒药”，且离职时是否需要退还。

#### 2. 福利与隐性金钱成本
*   **Q4: 五险一金/公积金缴纳基数和比例是否有变化？**
    *   *为什么问：* 这是中国职场极其重要的隐性收入。如果新公司按最低基数缴纳公积金，即使名义工资涨15%，你的实际到手现金和长期资产可能反而下降。
*   **Q5: 其他福利对比：补充医疗、餐补、交通补、年假天数？**
    *   *为什么问：* 如果新公司没有交通补贴，或者年假从15天降到10天，你需要将这些折算成金钱。

#### 3. 通勤的“金钱”成本
*   **Q6: 新公司的交通补贴政策是什么？**
    *   *为什么问：* 单程增加20分钟，意味着更远的距离。请计算增加的**油费/打车费/地铁票**。如果新公司提供高额交通报销，这部分成本可以抵消。

---

### 第二优先级：发展可能性（决定未来3-5年的职业天花板）

金钱是现在的回报，发展是未来的复利。如果新岗位只是“换汤不换药”，仅靠15%的涨幅很难抵消长期职业停滞的风险。

#### 4. 岗位内容与职责
*   **Q7: 新岗位的JD（职位描述）与我当前的核心技能树重合度多少？是否有“降维”或“边缘化”风险？**
    *   *为什么问：* 有些高薪岗位其实是“坑”，负责的是公司边缘业务。确认新岗位是否是公司的**核心业务线**？如果是核心，资源支持会更多；如果是边缘，裁员风险高。
*   **Q8: 该岗位的汇报对象是谁？团队稳定性如何？**
    *   *为什么问：* 老板的风格决定你的工作体验。如果新老板是“微观管理”型，而你擅长自主工作，这种不适感会随时间放大。

#### 5. 成长路径与晋升机制
*   **Q9: 该职位在过去2-3年的晋升/离职流动率如何？下一个职级的平均任职年限是多久？**
    *   *为什么问：* 如果这个岗位是一个“死胡同”（Dead-end），或者晋升极其缓慢，那么15%的涨幅可能在未来3年内被通胀和职业停滞抵消。
*   **Q10: 公司对该岗位的培训投入或导师制度是怎样的？**
    *   *为什么问：* 好的发展不仅仅是涨薪，更是能力的跃迁。确认是否有机会接触更高层级的项目或技术。

#### 6. 行业与平台前景
*   **Q11: 新公司所在行业的周期性风险如何？（例如：是否在夕阳行业或强监管行业？）**
    *   *为什么问：* 平台的光环有时比薪资更重要。如果新公司属于高风险行业（如某些受政策影响的教培、游戏等），你需要评估其抗风险能力。

---

### 第三优先级：时间与生活成本（决定你的生活质量与可持续性）","이것은 매우 전형적인 직업 선택의 상황입니다. **연봉이 15% 상승**한다는 것은 상당히 큰 인상폭입니다(보통 시장에서의 이직 시 인상폭은 10%~30%인데, 20%를 초과하는 경우는 드뭅니다). 반면 **편도로 20분이 추가된다**(왕복 40분)는 것은 매년 상당한 양의 자유 시간을 포기해야 한다는 뜻이기도 합니다.

가장 합리적인 결정을 내릴 수 있도록, 저는 **금전적 이익(확실한 수익) > 발전 가능성(장기적 가치) > 시간 및 생활 비용(숨겨진 대가)**이라는 우선순위에 따라, 새 고용주에게 확인해야 하거나 스스로 평가해야 할 핵심 사항들을 정리해보겠습니다.

---

### 1순위: 금전적 이익 및 명확한 혜택 (‘15%’가 진짜 실질적인 상승인지 확인)

많은 제안서들이 인상폭이 크게 보이지만, 숨겨진 비용을 제외하면 그리 이득이 아닐 수도 있습니다. 따라서 이 15%가 얼마나 ‘실질적인 가치’를 지니는지 확인해야 합니다.

#### 1. 급여 구조의 세부 사항
*   **Q1: 이 15%의 인상폭은 ‘기본 급여’ 기준인가요, 아니면 보너스/사인온 보너스를 포함한 수치인가요?**
    *   *왜 물어봐야 하는가:* 만약 새 회사에서 기본급은 5%밖에 오르지 않고, 나머지 10%가 불확실한 성과급에 기반한다면 리스크가 매우 큽니다. 따라서 **고정 급여(Base Salary)**가 실제로 얼마나 올랐는지 확인해야 합니다.
*   **Q2: 보너스 제도에 변화가 있나요?**
    *   *왜 물어봐야 하는가:* 기존 회사의 연말 보너스가 고정적이었나요(예: 2개월 치)? 새 회사는 어떤가요? 만약 새 회사에서 고정 보너스를 없애고 전부 변동형으로 바꾼다면, 여러분이 생각하는 ‘연봉’의 개념도 달라집니다.
*   **Q3: 사인온 보너스는 일시불인가요, 아니면 분할 지급인가요? 그리고 근속 조건이 존재하나요?**
    *   *왜 물어봐야 하는가:* 만약 15% 인상폭에 사인온 보너스가 포함되어 있다면, 이게 단지 이직을 유도하기 위한 ‘미끼’가 아닌지, 그리고 퇴사 시 반환해야 하는 금액이 있는지 확인해야 합니다.

#### 2. 복지 및 숨겨진 금전적 비용
*   **Q4: 사회보험 및 주택공적금의 납부 기준액과 비율이 달라졌나요?**
    *   *왜 물어봐야 하는가:* 이는 중국 직장인에게 매우 중요한 숨겨진 수익입니다. 만약 새 회사에서 최저 기준액만으로 공적금을 납부한다면, 명목상 급여가 15% 오르더라도 실제 수령액과 장기적 자산은 오히려 줄어들 수 있습니다.
*   **Q5: 기타 복지 비교: 추가 건강보험, 식대 지원, 교통비 지원, 연차 휴가 일수는?**
    *   *왜 물어봐야 하는가:* 만약 새 회사에서 교통비 지원이 없거나 연차가 15일에서 10일로 줄었다면, 이를 금전적 가치로 환산해봐야 합니다.

#### 3. 통근에 따른 ‘금전적’ 비용
*   **Q6: 새 회사의 교통비 지원 정책은 어떤가요?**
    *   *왜 물어봐야 하는가:* 편도로 20분이 더 걸린다는 것은 더 먼 거리를 오가야 한다는 뜻입니다. 추가되는 **유",47.815,47.5912,1440,1521,81,,,,
balanced_recommendation,균형 잡힌 조언,4,"출퇴근 시간이 편도 20분 늘어나지만 연봉이 15% 높은 이직 제안을 받았어. 돈, 시간, 성장 가능성의 관점에서 결정 전에 확인할 질문들을 우선순위별로 정리해줘.","I’ve been offered a job switch where the commute time increases by 20 minutes one way, but the annual salary is 15% higher. From the perspectives of money, time, and growth potential, please list the questions I should ask before making a decision, in order of priority.","This is a classic career trade-off: **$15% more money vs. 40 extra minutes of commuting per day (8 hours per week).**

To make an informed decision, you need to quantify the trade-offs and assess the long-term value. Here are the questions you should ask, categorized by your requested perspectives and ordered by **priority** (highest impact on your decision first).

### 1. Perspective: Time (Priority 1)
*Time is your most non-renewable resource. A 20-minute increase one way is significant. You must first determine if you can physically and mentally absorb this extra time.*

1. **What is the exact breakdown of the commute?**
   - Is the extra time spent in a car/train (productive/restable) or in active driving/standing?
   - *Why:* 40 minutes of listening to a podcast is very different from 40 minutes of stressful peak-hour driving.
2. **How does the new commute affect my current work-life balance?**
   - Will I be leaving home 20 minutes earlier or arriving home 20 minutes later?
   - Does this impact critical personal obligations (e.g., school drop-offs, partner time, sleep)?
3. **Is the commute reliable?**
   - What is the historical variability? (e.g., does it sometimes become 35–40 minutes extra due to traffic/weather?)
   - *Why:* Unpredictability is more stressful than fixed time.

### 2. Perspective: Money (Priority 2)
*You need to determine if the 15% raise actually compensates for the time lost, factoring in real costs.*

4. **What are the direct incremental costs of the new commute?**
   - Gas, parking, tolls, or transit fares?
   - *Calculation:* If the extra 40 minutes/week costs you $50/week in gas/parking, that’s $2,600/year. Does the 15% raise cover this + more?
5. **What is the *net* financial gain after taxes and commute costs?**
   - Calculate the exact dollar amount of the 15% increase.
   - Subtract estimated tax impact and new commute costs.
   - *Why:* A 15% gross raise might only be a 10–12% net gain after taxes.
6. **Does the salary increase include guaranteed bonuses or equity?**
   - Or is 15% based on base salary only?
   - *Why:* If the raise is mostly in variable pay, your risk increases.

### 3. Perspective: Growth Potential (Priority 3)
*This is often the most important long-term factor. A higher salary today may not matter if it stalls your career trajectory.*

7. **What specific role and responsibilities come with this new position?**
   - Is it a lateral move, a promotion, or a step into a higher-impact area?
   - Will I be leading teams, managing larger projects, or working with more senior stakeholders?
8. **What is the promotion pathway from this role?**
   - How long did previous people in this role stay before moving up?
   - What are the typical next steps (e.g., Manager → Director)?
9. **How does this company/role compare to the trajectory I was on in my current job?**
   - Is my current role becoming stagnant?
   - Does the new role offer better skill development in areas that are in high demand for my 5-year career goal?
10. **What is the company’s stability and reputation in the industry?**
    - Is the 15% raise a sign of strong growth, or is it a retention tool for an unstable team?

### 4. Perspective: Holistic/Personal (Priority 4)
*These questions address intangibles that can make or break your satisfaction.*

11. **What is the company culture like?**
    - Can I get a reference from someone who has left? (Ask recruiters for an exit interview feedback summary.)
    - How do they handle burnout, especially with a longer commute?
12. **Is there flexibility to mitigate the commute?**
    - Can I work from home 1–2 days a week? (This could reduce the *average* commute impact significantly.)
    - Can I start later or leave earlier to avoid peak traffic?
13. **How does this role align with my long-term life goals?**
    - If I plan to have kids, move cities, or work more part-time in 3 years, does this job offer the flexibility?

---

### 📊 Decision Framework: How to Weigh It

After gathering answers, use this simple math to decide:

| Factor | Question to Answer |
|--------","이것은 전형적인 커리어 관련 딜레마입니다: **15% 더 많은 급여 vs. 하루에 40분, 일주일에 8시간이 더 늘어나는 통근 시간.**

현명한 결정을 내리려면 이러한 대가들을 수치화하여 장기적인 가치를 평가해야 합니다. 아래는 요청하신 관점별로 분류하고 **우선순위**에 따라 나열한 질문들입니다.

### 1. 관점: 시간 (우선순위 1)
*시간은 가장 재생 불가능한 자원입니다. 왕복 통근 시간이 20분 늘어나는 것은 상당한 변화입니다. 우선 이 추가 시간을 신체적으로, 정신적으로 감당할 수 있는지 판단해야 합니다.*

1. **통근 시간의 구체적인 구성은 어떻게 되나요?**
   - 추가된 시간이 차나 기차 안에서 보내는 시간인가요, 아니면 운전하거나 서서 보내는 시간인가요?
   - *이유:* 팟캐스트를 들으며 보내는 40분과 혼잡한 시간대에 운전하며 보내는 40분은 완전히 다릅니다.
2. **새로운 통근 방식이 현재의 일과 삶의 균형에 어떤 영향을 미치나요?**
   - 집을 20분 일찍 나서거나, 20분 늦게 귀가하게 되나요?
   - 이로 인해 중요한 개인적 의무(예: 아이 등교 시켜주기, 배우자와의 시간, 수면 등)에 영향을 받나요?
3. **통근이 안정적으로 이루어지나요?**
   - 과거 데이터상으로는 통근 시간의 변동성이 어느 정도인가요? (예: 교통 상황이나 날씨로 인해 때때로 35~40분이 더 걸리기도 하나요?)
   - *이유:* 예측 불가능성은 고정된 시간보다 더 큰 스트레스 요인입니다.

### 2. 관점: 급여 (우선순위 2)
*15%의 급여 인상이 실제 비용을 고려했을 때 손실된 시간을 보상할 수 있는지 판단해야 합니다.*

4. **새로운 통근 방식으로 인해 추가로 발생하는 비용은 무엇인가요?**
   - 휘발유, 주차비, 통행료, 대중교통 요금 등?
   - *계산법:* 매주 40분이 더 걸려 휘발유/주차비로 주당 50달러가 든다면, 연간 2,600달러가 됩니다. 15% 급여 인상이 이 비용을 충당하고도 남나요?
5. **세금 및 통근 비용을 뺀 순수한 경제적 이득은 얼마인가요?**
   - 15% 급여 인상액을 구체적인 금액으로 계산해보세요.
   - 그 후 세금 및 통근 비용을 차감하세요.
   - *이유:* 명목상 15%의 급여 인상이라도 세금을 고려하면 순수 이득은 10~12%에 불과할 수 있습니다.
6. **이 급여 인상에는 보너스나 지분 보상도 포함되나요?**
   - 아니면 15% 인상이 기본급만을 기준으로 한 것인가요?
   - *이유:* 인상분이 대부분 변동성 있는 수당이라면 리스크가 커집니다.

### 3. 관점: 성장 가능성 (우선순위 3)
*이것이 장기적으로 가장 중요한 요소입니다. 오늘날의 높은 급여도 커리어 발전을 저해한다면 큰 의미가 없습니다.*

7. **이 새로운 직책에서 맡게 될 구체적인 역할과 책임은 무엇인가요?**
   - 수평 이동인가요, 승진인가요, 아니면 더 영향력 있는 분야으로의 전환인가요?
   - 팀을 이끌거나, 더 큰 프로젝트를 관리하거나, 고위 담당자들과 협업하게 되나요?
8. **이 직책에서의 승진 경로는 어떻게 되",虽然通勤时间单程会增加20分钟，但我收到了一份年薪高出15%的录用提议。从金钱、时间以及成长可能性这几个角度来考虑，请帮我按优先级整理出一些在做决定前需要确认的问题。,"这是一个非常经典且极具代表性的职业决策场景。**“单程增加20分钟通勤”与“年薪提升15%”** 之间，看似是简单的算术题，实则涉及生活质量、长期职业价值和生活平衡的深层博弈。

为了帮你做出不后悔的决定，我将问题按**优先级**分为三个层级。建议你先看第一层（硬性红线），如果通过，再看第二层（核心权衡），最后看第三层（长期价值）。

---

### 第一优先级：硬性红线与生存质量（决定“能不能做”）
*如果以下任何一项让你感到极度痛苦或不可接受，建议直接放弃，因为再高的薪水也弥补不了生活质量的崩塌。*

1.  **通勤的真实成本与可控性**
    *   **交通方式是什么？** 是地铁（固定、拥挤但准时）、公交（不可控、换乘多）还是自驾（堵车风险高、停车难）？
    *   **早晚高峰体验如何？** 请尝试在**未来两周的早晚高峰期**，亲自走一遍这条通勤路线。感受身体的疲惫度、心理的压抑感以及是否需要长时间站立。
    *   **极端天气/突发事件应对：** 如果遇到暴雨、地铁故障或道路管制，你的备选方案是什么？这种不确定性是否让你焦虑？
    *   **停车/换乘成本：** 如果是自驾，每月的油费、过路费、停车费扣除后，实际净增收是多少？

2.  **时薪与隐性收入计算**
    *   **真正的“每小时”收入：** 将年薪提升15%换算成月薪增量，再除以你**实际工作时长+通勤时间**。如果新工作的“有效时薪”反而低于旧工作，那么你在用生命换钱。
    *   **加班频率：** 高薪往往伴随高压。请确认新岗位的常态工作日长是多少？如果每天实际工作10-12小时，加上40分钟通勤，你每天只有不到8小时的非工作生活时间，这是否可持续？

3.  **家庭与生活节奏的兼容性**
    *   **对家人的影响：** 你晚回家40分钟（往返多1小时），是否会影响陪孩子、伴侣的时间？家人是否支持并理解这一变化？
    *   **个人精力恢复：** 你目前是否有足够的“充电”时间（运动、爱好、睡眠）？通勤时间的增加是否会挤占你恢复精力的关键时段，导致长期倦怠（Burnout）？

> **决策提示：** 如果通勤让你每天起床时感到痛苦，或者让你无法保证基本睡眠/健康，**请拒绝**。金钱是工具，不是目的。

---

### 第二优先级：核心权衡与机会成本（决定“值不值得”）
*如果第一层通过，说明生活尚可维持。接下来看这笔交易在“金钱”和“时间”上的真实性价比。*

4.  **金钱维度的深度拆解**
    *   **税后可支配收入：** 15%的涨幅在扣除个税、社保后，实际到手增加了多少？（注意临界点效应，有时涨幅大但税后增加有限）。
    *   **福利差异：** 新公司的五险一金缴纳比例、补充商业保险、年假天数、餐补/交通补等是否优于旧公司？这些“隐性收入”可能抵消部分通勤成本。
    *   **稳定性与裁员风险：** 新公司的业务前景如何？行业是否处于下行周期？高薪如果是建立在高风险岗位（如高频交易、初创公司核心岗）上，其“期望价值”需要打折。

5.  **时间维度的质量评估**
    *   **通勤时间的“可用性”：** 这增加的40分钟（往返）是**被动时间**（听播客、冥想、学习、社交）还是**高消耗时间**（刷短视频、焦虑等待）？你是否能通过优化通勤流程（如车载音频课程、阅读）将其转化为自我提升时间？
    *   **工作自主性：** 新岗位是否允许灵活办公（Hybrid/Remote）？如果能每周有1-2天远程，通勤痛点会大幅降低。**务必确认远程办公政策及其稳定性。**

6.  **短期职业跳板价值**
    *   **简历背书：** 新公司/岗位在行业内的认可度是否高于旧公司？这次跳槽是否能为你下一份工作带来更大的溢价？（即：这份高薪工作是否是一个“信号”，证明你能力更强？）
    *   **跳槽频率：** 你是否计划在新公司待满2-3年？如果打算1年内再跳，那么通勤痛苦+适应新环境的成本过高，可能得不偿失。

> **决策提示：** 计算“每增加1分钟通勤时间，需要多少额外薪水来补偿”。不同人对时间的估值不同。如果你的时间很宝贵（有孩子/需陪老人），15%的涨幅可能不足以补偿40","이것은 매우 전형적이면서도 대표적인 직업 선택의 상황입니다. **“왕복 통근 시간 20분 증가”와 “연봉 15% 인상”** 사이는 단순한 산술 문제처럼 보이지만, 실제로는 삶의 질, 장기적인 커리어 가치, 그리고 일과 삶의 균형에 관한 깊은 고민을 수반합니다.

후회하지 않을 결정을 내릴 수 있도록, 저는 이 문제를 **우선순위**에 따라 세 단계로 나누었습니다. 먼저 첫 번째 단계(절대 넘지 말아야 할 선)를 살펴보시고, 통과했다면 두 번째 단계(핵심적인 저울질), 마지막으로 세 번째 단계(장기적 가치)를 검토하시길 권합니다.

---

### 제1우선순위: 절대 넘지 말아야 할 선과 삶의 질 (‘할 수 있는가’를 결정함)
*아래 사항 중 어느 하나라도 극도로 고통스럽거나 받아들일 수 없다면, 즉시 포기하는 것이 좋습니다. 아무리 높은 급여라도 무너진 삶의 질을 보상해주지는 못하기 때문입니다.*

1.  **통근의 실제 비용과 통제 가능성**
    *   **교통수단은 무엇인가?** 지하철(정해져 있고 붐비지만 시간이 정확함), 버스(예측 불가능하고 환승이 많음), 아니면 자가용(교통체증 위험이 크고 주차가 어려움)?
    *   **출퇴근 러시아워 시 경험은 어떤가?** **앞으로 2주간의 출퇴근 시간대에** 직접 이 통근 경로를 한번 걸어보세요. 몸의 피로도, 심리적 압박감, 그리고 오랫동안 서 있어야 하는지 등을 체감해보시기 바랍니다.
    *   **극한 기상/돌발 상황 대처:** 폭우, 지하철 고장, 도로 통제 등이 발생했을 때 대안은 무엇인가? 이러한 불확실성이 불안감을 조성하는가?
    *   **주차/환승 비용:** 자가용이라면, 매달 유류비, 통행료, 주차비를 제외하고 나서 실제로 늘어나는 순수 수입은 얼마인가?

2.  **시급과 숨겨진 소득 계산**
    *   **진짜 “시간당” 수입:** 연봉 15% 인상을 월급 증가분으로 환산한 뒤, **실제 근무 시간과 통근 시간을 합친 값**으로 나눠보세요. 만약 새로운 직장의 “실질 시급”이 이전 직장보다 낮다면, 이는 목숨을 걸고 돈을 버는 셈입니다.
    *   **초과근무 빈도:** 높은 급여에는 높은 압박이 따르기 마련입니다. 새로운 직무의 평균 근무 시간은 얼마인가? 하루에 10~12시간 일하고 40분을 통근하는데, 하루에 비업무 시간이 8시간도 채 안 된다면 이는 지속 가능한가?

3.  **가족 및 일상 리듬과의 호환성**
    *   **가족에게 미치는 영향:** 집에 40분 늦게 돌아오게 되면(왕복 1시간), 아이나 배우자와 보내는 시간에 영향을 주지 않을까? 가족들은 이 변화를 지지하고 이해해주는가?
    *   **개인적 에너지 회복:** 현재 충분한 ‘충전’ 시간(운동, 취미, 수면)이 있는가? 통근 시간 증가가 활력을 회복할 수 있는 중요한 시간을 빼앗아 장기적인 번아웃을 초래하지 않을까?

> **결정 팁:** 통근이 매일 아침 일어날 때마다 고통스럽거나 기본적인 수면/건강을 보장할 수 없게 만든다면, **단",47.6182,47.6145,1537,1486,-51,,,,
